NN_type,units,epochs,batch_size,max_iterations,Users,round_iteration,start_time,end_time,round_time_s,round_time_m,class,accuracy,precision,recall,f1_score,cohen_kappa_score,roc_auc_score,confusion_matrix,TP,FP,FN,TN
MLP,12,1,32,120,20,0,2023-03-30 17:57:20.398579,2023-03-30 17:58:57.670137,97.27155804634094,1.6211926341056824,awake,0.7021924482338612,0.7021924482338612,1.0,0.8250447227191413,0.0,0.5,"[[0 40587]
 [0 95699]]",0.0,40587.0,0.0,95699.0
MLP,12,1,32,120,20,0,2023-03-30 17:57:20.398579,2023-03-30 17:58:57.670137,97.27155804634094,1.6211926341056824,asleep,0.7021924482338612,0.0,0.0,0.0,0.0,0.5,"[[95699 0]
 [40587 0]]",95699.0,0.0,40587.0,0.0
MLP,12,1,32,120,20,0,2023-03-30 17:57:20.398579,2023-03-30 17:58:57.670137,97.27155804634094,1.6211926341056824,avg,0.7021924482338612,0.3510962241169306,0.5,0.41252236135957066,0.0,0.5,,,,,
MLP,12,1,32,120,20,1,2023-03-30 17:58:58.130017,2023-03-30 18:00:13.137874,75.00785684585571,1.2501309474309286,awake,0.7021924482338612,0.7021924482338612,1.0,0.8250447227191413,0.0,0.5,"[[0 40587]
 [0 95699]]",0.0,40587.0,0.0,95699.0
MLP,12,1,32,120,20,1,2023-03-30 17:58:58.130017,2023-03-30 18:00:13.137874,75.00785684585571,1.2501309474309286,asleep,0.7021924482338612,0.0,0.0,0.0,0.0,0.5,"[[95699 0]
 [40587 0]]",95699.0,0.0,40587.0,0.0
MLP,12,1,32,120,20,1,2023-03-30 17:58:58.130017,2023-03-30 18:00:13.137874,75.00785684585571,1.2501309474309286,avg,0.7021924482338612,0.3510962241169306,0.5,0.41252236135957066,0.0,0.5,,,,,
MLP,12,1,32,120,20,2,2023-03-30 18:00:13.597550,2023-03-30 18:01:27.115970,73.51841998100281,1.22530699968338,awake,0.7018842727793023,0.7021689011586073,0.9993207870510664,0.8247972160053817,-0.00015789563793955352,0.4999437354823174,"[[23 40564]
 [65 95634]]",23.0,40564.0,65.0,95634.0
MLP,12,1,32,120,20,2,2023-03-30 18:00:13.597550,2023-03-30 18:01:27.115970,73.51841998100281,1.22530699968338,asleep,0.7018842727793023,0.26136363636363635,0.0005666839135683839,0.001130915795943454,-0.00015789563793955352,0.49994373548231735,"[[95634 65]
 [40564 23]]",95634.0,65.0,40564.0,23.0
MLP,12,1,32,120,20,2,2023-03-30 18:00:13.597550,2023-03-30 18:01:27.115970,73.51841998100281,1.22530699968338,avg,0.7018842727793023,0.48176626876112183,0.4999437354823174,0.4129640659006626,-0.00015789563793955352,0.4999437354823174,,,,,
MLP,12,1,32,120,20,3,2023-03-30 18:01:27.604324,2023-03-30 18:02:43.766053,76.16172885894775,1.2693621476491292,awake,0.70211173561481,0.7023941582245469,0.9990908995914273,0.8248742569730224,0.0013508192088558246,0.5004817101746527,"[[76 40511]
 [87 95612]]",76.0,40511.0,87.0,95612.0
MLP,12,1,32,120,20,3,2023-03-30 18:01:27.604324,2023-03-30 18:02:43.766053,76.16172885894775,1.2693621476491292,asleep,0.70211173561481,0.4662576687116564,0.0018725207578781384,0.0037300613496932516,0.0013508192088558246,0.5004817101746528,"[[95612 87]
 [40511 76]]",95612.0,87.0,40511.0,76.0
MLP,12,1,32,120,20,3,2023-03-30 18:01:27.604324,2023-03-30 18:02:43.766053,76.16172885894775,1.2693621476491292,avg,0.70211173561481,0.5843259134681016,0.5004817101746527,0.4143021591613578,0.0013508192088558246,0.5004817101746528,,,,,
MLP,12,1,32,120,20,4,2023-03-30 18:02:44.248714,2023-03-30 18:03:57.432770,73.18405604362488,1.219734267393748,awake,0.7026033488399396,0.703328861435037,0.9970323618846592,0.8248148996589746,0.007549980099373466,0.5027047142165306,"[[340 40247]
 [284 95415]]",340.0,40247.0,284.0,95415.0
MLP,12,1,32,120,20,4,2023-03-30 18:02:44.248714,2023-03-30 18:03:57.432770,73.18405604362488,1.219734267393748,asleep,0.7026033488399396,0.5448717948717948,0.008377066548402198,0.016500448909271794,0.007549980099373466,0.5027047142165307,"[[95415 284]
 [40247 340]]",95415.0,284.0,40247.0,340.0
MLP,12,1,32,120,20,4,2023-03-30 18:02:44.248714,2023-03-30 18:03:57.432770,73.18405604362488,1.219734267393748,avg,0.7026033488399396,0.6241003281534159,0.5027047142165306,0.4206576742841232,0.007549980099373466,0.5027047142165306,,,,,
MLP,12,1,32,120,20,5,2023-03-30 18:03:57.905540,2023-03-30 18:05:13.034690,75.12914991378784,1.2521524985631307,awake,0.7093098337320047,0.709567725927476,0.9921002309324026,0.8273791627996149,0.04745493836150594,0.517313081440528,"[[1726 38861]
 [756 94943]]",1726.0,38861.0,756.0,94943.0
MLP,12,1,32,120,20,5,2023-03-30 18:03:57.905540,2023-03-30 18:05:13.034690,75.12914991378784,1.2521524985631307,asleep,0.7093098337320047,0.6954069298952458,0.04252593194865351,0.08015045624463071,0.04745493836150594,0.5173130814405281,"[[94943 756]
 [38861 1726]]",94943.0,756.0,38861.0,1726.0
MLP,12,1,32,120,20,5,2023-03-30 18:03:57.905540,2023-03-30 18:05:13.034690,75.12914991378784,1.2521524985631307,avg,0.7093098337320047,0.7024873279113608,0.5173130814405281,0.4537648095221228,0.04745493836150594,0.517313081440528,,,,,
MLP,12,1,32,120,20,6,2023-03-30 18:05:13.550989,2023-03-30 18:06:31.123066,77.57207703590393,1.2928679505983989,awake,0.7100509223251105,0.710958914396858,0.9892684354068486,0.8273354889452068,0.05578646582202906,0.5204799318483476,"[[2098 38489]
 [1027 94672]]",2098.0,38489.0,1027.0,94672.0
MLP,12,1,32,120,20,6,2023-03-30 18:05:13.550989,2023-03-30 18:06:31.123066,77.57207703590393,1.2928679505983989,asleep,0.7100509223251105,0.67136,0.051691428289846506,0.09599194729136165,0.05578646582202906,0.5204799318483475,"[[94672 1027]
 [38489 2098]]",94672.0,1027.0,38489.0,2098.0
MLP,12,1,32,120,20,6,2023-03-30 18:05:13.550989,2023-03-30 18:06:31.123066,77.57207703590393,1.2928679505983989,avg,0.7100509223251105,0.691159457198429,0.5204799318483475,0.4616637181182842,0.05578646582202906,0.5204799318483475,,,,,
MLP,12,1,32,120,20,7,2023-03-30 18:06:31.615475,2023-03-30 18:07:48.673958,77.0584831237793,1.2843080520629884,awake,0.717982771524588,0.7172283507579321,0.9878368634990962,0.8310586580514714,0.09348516676023833,0.5347689503885211,"[[3316 37271]
 [1164 94535]]",3316.0,37271.0,1164.0,94535.0
MLP,12,1,32,120,20,7,2023-03-30 18:06:31.615475,2023-03-30 18:07:48.673958,77.0584831237793,1.2843080520629884,asleep,0.717982771524588,0.7401785714285715,0.08170103727794614,0.1471586748618723,0.09348516676023833,0.5347689503885211,"[[94535 1164]
 [37271 3316]]",94535.0,1164.0,37271.0,3316.0
MLP,12,1,32,120,20,7,2023-03-30 18:06:31.615475,2023-03-30 18:07:48.673958,77.0584831237793,1.2843080520629884,avg,0.717982771524588,0.7287034610932518,0.5347689503885211,0.48910866645667184,0.09348516676023833,0.5347689503885211,,,,,
MLP,12,1,32,120,20,8,2023-03-30 18:07:49.189528,2023-03-30 18:09:01.616686,72.42715811729431,1.2071193019549051,awake,0.7209984884727705,0.7198600214999656,0.9866247296209991,0.832391497915032,0.10864531162204416,0.5406551100244843,"[[3843 36744]
 [1280 94419]]",3843.0,36744.0,1280.0,94419.0
MLP,12,1,32,120,20,8,2023-03-30 18:07:49.189528,2023-03-30 18:09:01.616686,72.42715811729431,1.2071193019549051,asleep,0.7209984884727705,0.7501463985945734,0.09468549042796955,0.1681470137825421,0.10864531162204416,0.5406551100244843,"[[94419 1280]
 [36744 3843]]",94419.0,1280.0,36744.0,3843.0
MLP,12,1,32,120,20,8,2023-03-30 18:07:49.189528,2023-03-30 18:09:01.616686,72.42715811729431,1.2071193019549051,avg,0.7209984884727705,0.7350032100472695,0.5406551100244843,0.500269255848787,0.10864531162204416,0.5406551100244843,,,,,
MLP,12,1,32,120,20,9,2023-03-30 18:09:02.088388,2023-03-30 18:10:21.002210,78.91382193565369,1.3152303655942281,awake,0.7210131634944161,0.719968269223435,0.9863216961514749,0.8323559756968634,0.10919885900289072,0.5408854889706053,"[[3874 36713]
 [1309 94390]]",3874.0,36713.0,1309.0,94390.0
MLP,12,1,32,120,20,9,2023-03-30 18:09:02.088388,2023-03-30 18:10:21.002210,78.91382193565369,1.3152303655942281,asleep,0.7210131634944161,0.7474435655026047,0.09544928178973563,0.1692811885514529,0.10919885900289072,0.5408854889706053,"[[94390 1309]
 [36713 3874]]",94390.0,1309.0,36713.0,3874.0
MLP,12,1,32,120,20,9,2023-03-30 18:09:02.088388,2023-03-30 18:10:21.002210,78.91382193565369,1.3152303655942281,avg,0.7210131634944161,0.7337059173630198,0.5408854889706053,0.5008185821241582,0.10919885900289072,0.5408854889706053,,,,,
MLP,12,1,32,120,20,10,2023-03-30 18:10:21.663889,2023-03-30 18:11:50.378125,88.71423602104187,1.4785706003506978,awake,0.720844400745491,0.7199258445482011,0.9860604604018851,0.8322345937603352,0.10888795040073307,0.5407795095268351,"[[3876 36711]
 [1334 94365]]",3876.0,36711.0,1334.0,94365.0
MLP,12,1,32,120,20,10,2023-03-30 18:10:21.663889,2023-03-30 18:11:50.378125,88.71423602104187,1.4785706003506978,asleep,0.720844400745491,0.7439539347408829,0.09549855865178505,0.169268729392755,0.10888795040073307,0.5407795095268352,"[[94365 1334]
 [36711 3876]]",94365.0,1334.0,36711.0,3876.0
MLP,12,1,32,120,20,10,2023-03-30 18:10:21.663889,2023-03-30 18:11:50.378125,88.71423602104187,1.4785706003506978,avg,0.720844400745491,0.7319398896445419,0.5407795095268351,0.500751661576545,0.10888795040073307,0.5407795095268351,,,,,
MLP,12,1,32,120,20,11,2023-03-30 18:11:50.949083,2023-03-30 18:13:16.062553,85.11346983909607,1.4185578306516011,awake,0.7209911509619477,0.7205304293296217,0.9845243941942967,0.8320902936929537,0.11199743314741395,0.5420687854136044,"[[4043 36544]
 [1481 94218]]",4043.0,36544.0,1481.0,94218.0
MLP,12,1,32,120,20,11,2023-03-30 18:11:50.949083,2023-03-30 18:13:16.062553,85.11346983909607,1.4185578306516011,asleep,0.7209911509619477,0.7318971759594497,0.09961317663291201,0.17535945869749084,0.11199743314741395,0.5420687854136044,"[[94218 1481]
 [36544 4043]]",94218.0,1481.0,36544.0,4043.0
MLP,12,1,32,120,20,11,2023-03-30 18:11:50.949083,2023-03-30 18:13:16.062553,85.11346983909607,1.4185578306516011,avg,0.7209911509619477,0.7262138026445357,0.5420687854136044,0.5037248761952223,0.11199743314741395,0.5420687854136044,,,,,
MLP,12,1,32,120,20,12,2023-03-30 18:13:16.625604,2023-03-30 18:14:44.472647,87.84704303741455,1.4641173839569093,awake,0.7206536254640976,0.7205400606190491,0.9837093386555763,0.8318054702652076,0.11184580541005784,0.5420554725406396,"[[4075 36512]
 [1559 94140]]",4075.0,36512.0,1559.0,94140.0
MLP,12,1,32,120,20,12,2023-03-30 18:13:16.625604,2023-03-30 18:14:44.472647,87.84704303741455,1.4641173839569093,asleep,0.7206536254640976,0.7232871849485268,0.10040160642570281,0.17632677787153023,0.11184580541005784,0.5420554725406396,"[[94140 1559]
 [36512 4075]]",94140.0,1559.0,36512.0,4075.0
MLP,12,1,32,120,20,12,2023-03-30 18:13:16.625604,2023-03-30 18:14:44.472647,87.84704303741455,1.4641173839569093,avg,0.7206536254640976,0.7219136227837879,0.5420554725406396,0.5040661240683689,0.11184580541005784,0.5420554725406396,,,,,
MLP,12,1,32,120,20,13,2023-03-30 18:14:45.048089,2023-03-30 18:16:11.342241,86.29415202140808,1.438235867023468,awake,0.7187825602042763,0.720182676440112,0.9804595659306785,0.8304039224015859,0.10898184215050366,0.5411204622468826,"[[4131 36456]
 [1870 93829]]",4131.0,36456.0,1870.0,93829.0
MLP,12,1,32,120,20,13,2023-03-30 18:14:45.048089,2023-03-30 18:16:11.342241,86.29415202140808,1.438235867023468,asleep,0.7187825602042763,0.6883852691218131,0.1017813585630867,0.1773418047565897,0.10898184215050366,0.5411204622468826,"[[93829 1870]
 [36456 4131]]",93829.0,1870.0,36456.0,4131.0
MLP,12,1,32,120,20,13,2023-03-30 18:14:45.048089,2023-03-30 18:16:11.342241,86.29415202140808,1.438235867023468,avg,0.7187825602042763,0.7042839727809626,0.5411204622468826,0.5038728635790878,0.10898184215050366,0.5411204622468826,,,,,
MLP,12,1,32,120,20,14,2023-03-30 18:16:11.948090,2023-03-30 18:17:44.717318,92.76922798156738,1.5461537996927897,awake,0.7181662092951587,0.7201441779321688,0.9791429377527456,0.8299057639848372,0.10843712764208469,0.5409795552094352,"[[4173 36414]
 [1996 93703]]",4173.0,36414.0,1996.0,93703.0
MLP,12,1,32,120,20,14,2023-03-30 18:16:11.948090,2023-03-30 18:17:44.717318,92.76922798156738,1.5461537996927897,asleep,0.7181662092951587,0.6764467498784243,0.10281617266612463,0.17850115493198734,0.10843712764208469,0.5409795552094351,"[[93703 1996]
 [36414 4173]]",93703.0,1996.0,36414.0,4173.0
MLP,12,1,32,120,20,14,2023-03-30 18:16:11.948090,2023-03-30 18:17:44.717318,92.76922798156738,1.5461537996927897,avg,0.7181662092951587,0.6982954639052965,0.5409795552094351,0.5042034594584123,0.10843712764208469,0.5409795552094352,,,,,
MLP,12,1,32,120,20,15,2023-03-30 18:17:45.309328,2023-03-30 18:19:10.788031,85.47870302200317,1.4246450503667196,awake,0.7178213462864858,0.7204192594418088,0.9774919278153377,0.829494517772349,0.10959441634324707,0.5415214831626027,"[[4284 36303]
 [2154 93545]]",4284.0,36303.0,2154.0,93545.0
MLP,12,1,32,120,20,15,2023-03-30 18:17:45.309328,2023-03-30 18:19:10.788031,85.47870302200317,1.4246450503667196,asleep,0.7178213462864858,0.6654240447343895,0.10555103850986769,0.18220095693779903,0.10959441634324707,0.5415214831626026,"[[93545 2154]
 [36303 4284]]",93545.0,2154.0,36303.0,4284.0
MLP,12,1,32,120,20,15,2023-03-30 18:17:45.309328,2023-03-30 18:19:10.788031,85.47870302200317,1.4246450503667196,avg,0.7178213462864858,0.6929216520880992,0.5415214831626027,0.505847737355074,0.10959441634324707,0.5415214831626027,,,,,
MLP,12,1,32,120,20,16,2023-03-30 18:19:11.371871,2023-03-30 18:20:42.929317,91.5574460029602,1.52595743338267,awake,0.7183789971090208,0.7232252737837459,0.9702504728367067,0.8287212441707389,0.12335400405183217,0.5473742324022891,"[[5053 35534]
 [2847 92852]]",5053.0,35534.0,2847.0,92852.0
MLP,12,1,32,120,20,16,2023-03-30 18:19:11.371871,2023-03-30 18:20:42.929317,91.5574460029602,1.52595743338267,asleep,0.7183789971090208,0.639620253164557,0.12449799196787148,0.20842700105182832,0.12335400405183217,0.5473742324022891,"[[92852 2847]
 [35534 5053]]",92852.0,2847.0,35534.0,5053.0
MLP,12,1,32,120,20,16,2023-03-30 18:19:11.371871,2023-03-30 18:20:42.929317,91.5574460029602,1.52595743338267,avg,0.7183789971090208,0.6814227634741514,0.5473742324022891,0.5185741226112837,0.12335400405183217,0.5473742324022891,,,,,
MLP,12,1,32,120,20,17,2023-03-30 18:20:43.496473,2023-03-30 18:22:09.256401,85.75992798805237,1.4293321331342062,awake,0.7145047913945674,0.7303853955375254,0.9406576871231674,0.8222919492667242,0.15154338211817375,0.5609613120859881,"[[7357 33230]
 [5679 90020]]",7357.0,33230.0,5679.0,90020.0
MLP,12,1,32,120,20,17,2023-03-30 18:20:43.496473,2023-03-30 18:22:09.256401,85.75992798805237,1.4293321331342062,asleep,0.7145047913945674,0.5643602332003682,0.18126493704880872,0.2743971803144173,0.15154338211817375,0.5609613120859881,"[[90020 5679]
 [33230 7357]]",90020.0,5679.0,33230.0,7357.0
MLP,12,1,32,120,20,17,2023-03-30 18:20:43.496473,2023-03-30 18:22:09.256401,85.75992798805237,1.4293321331342062,avg,0.7145047913945674,0.6473728143689468,0.5609613120859881,0.5483445647905707,0.15154338211817375,0.5609613120859881,,,,,
MLP,12,1,32,120,20,18,2023-03-30 18:22:09.851792,2023-03-30 18:23:35.708934,85.85714197158813,1.4309523661931356,awake,0.7132207270005724,0.7374013535839784,0.9187870301675044,0.818161516344248,0.17684187416856467,0.5736542389608558,"[[9275 31312]
 [7772 87927]]",9275.0,31312.0,7772.0,87927.0
MLP,12,1,32,120,20,18,2023-03-30 18:22:09.851792,2023-03-30 18:23:35.708934,85.85714197158813,1.4309523661931356,asleep,0.7132207270005724,0.5440840030503901,0.22852144775420702,0.3218586251171184,0.17684187416856467,0.5736542389608557,"[[87927 7772]
 [31312 9275]]",87927.0,7772.0,31312.0,9275.0
MLP,12,1,32,120,20,18,2023-03-30 18:22:09.851792,2023-03-30 18:23:35.708934,85.85714197158813,1.4309523661931356,avg,0.7132207270005724,0.6407426783171842,0.5736542389608557,0.5700100707306832,0.17684187416856467,0.5736542389608557,,,,,
MLP,12,1,32,120,20,19,2023-03-30 18:23:36.295535,2023-03-30 18:25:01.989894,85.6943588256836,1.4282393137613931,awake,0.7144534288188075,0.7390601449946532,0.9171778179500308,0.8185412800402869,0.1836895061909607,0.5768164202470977,"[[9597 30990]
 [7926 87773]]",9597.0,30990.0,7926.0,87773.0
MLP,12,1,32,120,20,19,2023-03-30 18:23:36.295535,2023-03-30 18:25:01.989894,85.6943588256836,1.4282393137613931,asleep,0.7144534288188075,0.5476801917479883,0.2364550225441644,0.33030459473412493,0.1836895061909607,0.5768164202470977,"[[87773 7926]
 [30990 9597]]",87773.0,7926.0,30990.0,9597.0
MLP,12,1,32,120,20,19,2023-03-30 18:23:36.295535,2023-03-30 18:25:01.989894,85.6943588256836,1.4282393137613931,avg,0.7144534288188075,0.6433701683713208,0.5768164202470976,0.574422937387206,0.1836895061909607,0.5768164202470977,,,,,
MLP,12,1,32,120,20,20,2023-03-30 18:25:02.563142,2023-03-30 18:26:34.097065,91.53392291069031,1.5255653818448385,awake,0.7146955666759608,0.7495914530214904,0.891514017910323,0.8144160139749995,0.21721620812360998,0.5946470476374982,"[[12086 28501]
 [10382 85317]]",12086.0,28501.0,10382.0,85317.0
MLP,12,1,32,120,20,20,2023-03-30 18:25:02.563142,2023-03-30 18:26:34.097065,91.53392291069031,1.5255653818448385,asleep,0.7146955666759608,0.537920598184084,0.29778007736467343,0.3833478709063516,0.21721620812360998,0.5946470476374983,"[[85317 10382]
 [28501 12086]]",85317.0,10382.0,28501.0,12086.0
MLP,12,1,32,120,20,20,2023-03-30 18:25:02.563142,2023-03-30 18:26:34.097065,91.53392291069031,1.5255653818448385,avg,0.7146955666759608,0.6437560256027872,0.5946470476374982,0.5988819424406755,0.21721620812360998,0.5946470476374983,,,,,
MLP,12,1,32,120,20,21,2023-03-30 18:26:34.674885,2023-03-30 18:27:59.757547,85.08266186714172,1.4180443644523621,awake,0.7100142347709962,0.7499911000355999,0.880563015287516,0.8100490726188243,0.2137051079575002,0.5942224246861608,"[[12496 28091]
 [11430 84269]]",12496.0,28091.0,11430.0,84269.0
MLP,12,1,32,120,20,21,2023-03-30 18:26:34.674885,2023-03-30 18:27:59.757547,85.08266186714172,1.4180443644523621,asleep,0.7100142347709962,0.522277020814177,0.30788183408480546,0.3873947886472494,0.2137051079575002,0.5942224246861608,"[[84269 11430]
 [28091 12496]]",84269.0,11430.0,28091.0,12496.0
MLP,12,1,32,120,20,21,2023-03-30 18:26:34.674885,2023-03-30 18:27:59.757547,85.08266186714172,1.4180443644523621,avg,0.7100142347709962,0.6361340604248884,0.5942224246861607,0.5987219306330369,0.2137051079575002,0.5942224246861608,,,,,
MLP,12,1,32,120,20,22,2023-03-30 18:28:00.350922,2023-03-30 18:29:25.416104,85.06518197059631,1.417753032843272,awake,0.7085100450523164,0.7566415097800071,0.8621929173763572,0.805976126750933,0.230134651773387,0.6041691174212704,"[[14049 26538]
 [13188 82511]]",14049.0,26538.0,13188.0,82511.0
MLP,12,1,32,120,20,22,2023-03-30 18:28:00.350922,2023-03-30 18:29:25.416104,85.06518197059631,1.417753032843272,asleep,0.7085100450523164,0.5158057054741712,0.34614531746618377,0.4142781316348195,0.230134651773387,0.6041691174212706,"[[82511 13188]
 [26538 14049]]",82511.0,13188.0,26538.0,14049.0
MLP,12,1,32,120,20,22,2023-03-30 18:28:00.350922,2023-03-30 18:29:25.416104,85.06518197059631,1.417753032843272,avg,0.7085100450523164,0.6362236076270891,0.6041691174212704,0.6101271291928763,0.230134651773387,0.6041691174212704,,,,,
MLP,12,1,32,120,20,23,2023-03-30 18:29:26.024491,2023-03-30 18:30:51.206730,85.18223881721497,1.419703980286916,awake,0.7097133968272603,0.7545918783843845,0.8693194286251685,0.8079029657971916,0.22603443994503092,0.6013510194102756,"[[13531 27056]
 [12506 83193]]",13531.0,27056.0,12506.0,83193.0
MLP,12,1,32,120,20,23,2023-03-30 18:29:26.024491,2023-03-30 18:30:51.206730,85.18223881721497,1.419703980286916,asleep,0.7097133968272603,0.51968352728809,0.33338261019538273,0.4061899615754082,0.22603443994503092,0.6013510194102757,"[[83193 12506]
 [27056 13531]]",83193.0,12506.0,27056.0,13531.0
MLP,12,1,32,120,20,23,2023-03-30 18:29:26.024491,2023-03-30 18:30:51.206730,85.18223881721497,1.419703980286916,avg,0.7097133968272603,0.6371377028362373,0.6013510194102756,0.6070464636862999,0.22603443994503092,0.6013510194102756,,,,,
MLP,12,1,32,120,20,24,2023-03-30 18:30:51.825511,2023-03-30 18:32:20.900161,89.0746500492096,1.4845775008201598,awake,0.71199536269316,0.7573304157549234,0.8679714521572848,0.8088850369317214,0.2355597193308836,0.6060974860017705,"[[13971 26616]
 [12635 83064]]",13971.0,26616.0,12635.0,83064.0
MLP,12,1,32,120,20,24,2023-03-30 18:30:51.825511,2023-03-30 18:32:20.900161,89.0746500492096,1.4845775008201598,asleep,0.71199536269316,0.5251071186950312,0.3442235198462562,0.4158468888128228,0.2355597193308836,0.6060974860017705,"[[83064 12635]
 [26616 13971]]",83064.0,12635.0,26616.0,13971.0
MLP,12,1,32,120,20,24,2023-03-30 18:30:51.825511,2023-03-30 18:32:20.900161,89.0746500492096,1.4845775008201598,avg,0.71199536269316,0.6412187672249774,0.6060974860017705,0.6123659628722721,0.2355597193308836,0.6060974860017705,,,,,
MLP,12,1,32,120,20,25,2023-03-30 18:32:21.482216,2023-03-30 18:33:47.767502,86.28528618812561,1.438088103135427,awake,0.7152972425634327,0.7606508713099884,0.8675325760979739,0.8105836119993166,0.24748854937542297,0.6119391020041942,"[[14463 26124]
 [12677 83022]]",14463.0,26124.0,12677.0,83022.0
MLP,12,1,32,120,20,25,2023-03-30 18:32:21.482216,2023-03-30 18:33:47.767502,86.28528618812561,1.438088103135427,asleep,0.7152972425634327,0.5329034635224761,0.3563456279104147,0.4270970218672022,0.24748854937542297,0.6119391020041943,"[[83022 12677]
 [26124 14463]]",83022.0,12677.0,26124.0,14463.0
MLP,12,1,32,120,20,25,2023-03-30 18:32:21.482216,2023-03-30 18:33:47.767502,86.28528618812561,1.438088103135427,avg,0.7152972425634327,0.6467771674162323,0.6119391020041942,0.6188403169332595,0.24748854937542297,0.6119391020041942,,,,,
MLP,12,1,32,120,20,26,2023-03-30 18:33:48.344175,2023-03-30 18:35:13.954451,85.61027598381042,1.426837933063507,awake,0.7055090031257796,0.7314202415660142,0.9175330985694731,0.8139736453007894,0.14882730102249997,0.5615580835198365,"[[8344 32243]
 [7892 87807]]",8344.0,32243.0,7892.0,87807.0
MLP,12,1,32,120,20,26,2023-03-30 18:33:48.344175,2023-03-30 18:35:13.954451,85.61027598381042,1.426837933063507,asleep,0.7055090031257796,0.5139196846513919,0.20558306847019983,0.29368389560565267,0.14882730102249997,0.5615580835198365,"[[87807 7892]
 [32243 8344]]",87807.0,7892.0,32243.0,8344.0
MLP,12,1,32,120,20,26,2023-03-30 18:33:48.344175,2023-03-30 18:35:13.954451,85.61027598381042,1.426837933063507,avg,0.7055090031257796,0.622669963108703,0.5615580835198365,0.553828770453221,0.14882730102249997,0.5615580835198365,,,,,
MLP,12,1,32,120,20,27,2023-03-30 18:35:14.530662,2023-03-30 18:36:40.785335,86.25467300415039,1.4375778834025066,awake,0.6960656266967994,0.7200746056846288,0.9278675848232479,0.8108705379564777,0.09622643319593038,0.5386867921406012,"[[6068 34519]
 [6903 88796]]",6068.0,34519.0,6903.0,88796.0
MLP,12,1,32,120,20,27,2023-03-30 18:35:14.530662,2023-03-30 18:36:40.785335,86.25467300415039,1.4375778834025066,asleep,0.6960656266967994,0.46781281319867396,0.1495059994579545,0.22659546659696028,0.09622643319593038,0.5386867921406013,"[[88796 6903]
 [34519 6068]]",88796.0,6903.0,34519.0,6068.0
MLP,12,1,32,120,20,27,2023-03-30 18:35:14.530662,2023-03-30 18:36:40.785335,86.25467300415039,1.4375778834025066,avg,0.6960656266967994,0.5939437094416513,0.5386867921406012,0.5187330022767189,0.09622643319593038,0.5386867921406013,,,,,
MLP,12,1,32,120,20,28,2023-03-30 18:36:41.362633,2023-03-30 18:38:07.358888,85.99625492095947,1.4332709153493246,awake,0.7064702170435702,0.7281852522554265,0.9286094943520831,0.8162746052595321,0.1368825934221315,0.5556517302001626,"[[7415 33172]
 [6832 88867]]",7415.0,33172.0,6832.0,88867.0
MLP,12,1,32,120,20,28,2023-03-30 18:36:41.362633,2023-03-30 18:38:07.358888,85.99625492095947,1.4332709153493246,asleep,0.7064702170435702,0.5204604478135748,0.18269396604824203,0.2704526388736915,0.1368825934221315,0.5556517302001626,"[[88867 6832]
 [33172 7415]]",88867.0,6832.0,33172.0,7415.0
MLP,12,1,32,120,20,28,2023-03-30 18:36:41.362633,2023-03-30 18:38:07.358888,85.99625492095947,1.4332709153493246,avg,0.7064702170435702,0.6243228500345006,0.5556517302001626,0.5433636220666118,0.1368825934221315,0.5556517302001626,,,,,
MLP,12,1,32,120,20,29,2023-03-30 18:38:07.944633,2023-03-30 18:39:33.685259,85.74062609672546,1.4290104349454245,awake,0.7048999897274848,0.7348640708474088,0.9069791742860427,0.811900173984622,0.16100435917717248,0.5677010341580755,"[[9271 31316]
 [8902 86797]]",9271.0,31316.0,8902.0,86797.0
MLP,12,1,32,120,20,29,2023-03-30 18:38:07.944633,2023-03-30 18:39:33.685259,85.74062609672546,1.4290104349454245,asleep,0.7048999897274848,0.5101524239256039,0.22842289403010815,0.31555479918311774,0.16100435917717248,0.5677010341580754,"[[86797 8902]
 [31316 9271]]",86797.0,8902.0,31316.0,9271.0
MLP,12,1,32,120,20,29,2023-03-30 18:38:07.944633,2023-03-30 18:39:33.685259,85.74062609672546,1.4290104349454245,avg,0.7048999897274848,0.6225082473865063,0.5677010341580754,0.5637274865838698,0.16100435917717248,0.5677010341580755,,,,,
MLP,12,1,32,120,20,30,2023-03-30 18:39:34.276623,2023-03-30 18:40:59.527821,85.25119805335999,1.4208533008893331,awake,0.6902102930601822,0.7178281943709014,0.9207724218643873,0.8067327675391616,0.08334428379969971,0.5336732240152006,"[[5949 34638]
 [7582 88117]]",5949.0,34638.0,7582.0,88117.0
MLP,12,1,32,120,20,30,2023-03-30 18:39:34.276623,2023-03-30 18:40:59.527821,85.25119805335999,1.4208533008893331,asleep,0.6902102930601822,0.43965708373364865,0.14657402616601375,0.21985291400273474,0.08334428379969971,0.5336732240152006,"[[88117 7582]
 [34638 5949]]",88117.0,7582.0,34638.0,5949.0
MLP,12,1,32,120,20,30,2023-03-30 18:39:34.276623,2023-03-30 18:40:59.527821,85.25119805335999,1.4208533008893331,avg,0.6902102930601822,0.578742639052275,0.5336732240152006,0.5132928407709482,0.08334428379969971,0.5336732240152006,,,,,
MLP,12,1,32,120,20,31,2023-03-30 18:41:00.123795,2023-03-30 18:42:26.245670,86.12187504768372,1.435364584128062,awake,0.6991620562640329,0.7278042929608436,0.9130502931065111,0.8099705222566232,0.1304304022053241,0.5539455028249682,"[[7908 32679]
 [8321 87378]]",7908.0,32679.0,8321.0,87378.0
MLP,12,1,32,120,20,31,2023-03-30 18:41:00.123795,2023-03-30 18:42:26.245670,86.12187504768372,1.435364584128062,asleep,0.6991620562640329,0.48727586419372726,0.19484071254342525,0.27837228949591664,0.1304304022053241,0.5539455028249681,"[[87378 8321]
 [32679 7908]]",87378.0,8321.0,32679.0,7908.0
MLP,12,1,32,120,20,31,2023-03-30 18:41:00.123795,2023-03-30 18:42:26.245670,86.12187504768372,1.435364584128062,avg,0.6991620562640329,0.6075400785772854,0.5539455028249681,0.5441714058762699,0.1304304022053241,0.5539455028249682,,,,,
MLP,12,1,32,120,20,32,2023-03-30 18:42:26.827327,2023-03-30 18:43:53.351930,86.52460289001465,1.4420767148335776,awake,0.7112542741000543,0.7316918724660565,0.929717133930344,0.8189030731990169,0.15419700779708123,0.5629318416590395,"[[7961 32626]
 [6726 88973]]",7961.0,32626.0,6726.0,88973.0
MLP,12,1,32,120,20,32,2023-03-30 18:42:26.827327,2023-03-30 18:43:53.351930,86.52460289001465,1.4420767148335776,asleep,0.7112542741000543,0.5420439844760673,0.196146549387735,0.2880558671346383,0.15419700779708123,0.5629318416590395,"[[88973 6726]
 [32626 7961]]",88973.0,6726.0,32626.0,7961.0
MLP,12,1,32,120,20,32,2023-03-30 18:42:26.827327,2023-03-30 18:43:53.351930,86.52460289001465,1.4420767148335776,avg,0.7112542741000543,0.6368679284710619,0.5629318416590395,0.5534794701668276,0.15419700779708123,0.5629318416590395,,,,,
MLP,12,1,32,120,20,33,2023-03-30 18:43:53.908974,2023-03-30 18:45:19.656666,85.7476921081543,1.4291282018025717,awake,0.7138150653772214,0.7323301862050878,0.9337192656140607,0.8208529499575133,0.1586487833663479,0.5645140541734777,"[[7927 32660]
 [6343 89356]]",7927.0,32660.0,6343.0,89356.0
MLP,12,1,32,120,20,33,2023-03-30 18:43:53.908974,2023-03-30 18:45:19.656666,85.7476921081543,1.4291282018025717,asleep,0.7138150653772214,0.5555010511562719,0.19530884273289478,0.28900596095302333,0.1586487833663479,0.5645140541734778,"[[89356 6343]
 [32660 7927]]",89356.0,6343.0,32660.0,7927.0
MLP,12,1,32,120,20,33,2023-03-30 18:43:53.908974,2023-03-30 18:45:19.656666,85.7476921081543,1.4291282018025717,avg,0.7138150653772214,0.6439156186806798,0.5645140541734778,0.5549294554552684,0.1586487833663479,0.5645140541734777,,,,,
MLP,12,1,32,120,20,34,2023-03-30 18:45:20.230779,2023-03-30 18:46:51.912339,91.68156003952026,1.528026000658671,awake,0.7151945174119132,0.7355016063325936,0.9282019665827229,0.8206919171621141,0.17169269278180632,0.5705759629646558,"[[8643 31944]
 [6871 88828]]",8643.0,31944.0,6871.0,88828.0
MLP,12,1,32,120,20,34,2023-03-30 18:45:20.230779,2023-03-30 18:46:51.912339,91.68156003952026,1.528026000658671,asleep,0.7151945174119132,0.5571097073610932,0.2129499593465888,0.3081228498600738,0.17169269278180632,0.5705759629646558,"[[88828 6871]
 [31944 8643]]",88828.0,6871.0,31944.0,8643.0
MLP,12,1,32,120,20,34,2023-03-30 18:45:20.230779,2023-03-30 18:46:51.912339,91.68156003952026,1.528026000658671,avg,0.7151945174119132,0.6463056568468435,0.5705759629646558,0.564407383511094,0.17169269278180632,0.5705759629646558,,,,,
MLP,12,1,32,120,20,35,2023-03-30 18:46:52.512568,2023-03-30 18:48:20.414646,87.9020779132843,1.4650346318880716,awake,0.7172490204423052,0.7350725400532947,0.9339282542137326,0.822653909345704,0.1718361841996251,0.5701375570228493,"[[8375 32212]
 [6323 89376]]",8375.0,32212.0,6323.0,89376.0
MLP,12,1,32,120,20,35,2023-03-30 18:46:52.512568,2023-03-30 18:48:20.414646,87.9020779132843,1.4650346318880716,asleep,0.7172490204423052,0.5698054157028167,0.2063468598319659,0.3029754906394139,0.1718361841996251,0.5701375570228493,"[[89376 6323]
 [32212 8375]]",89376.0,6323.0,32212.0,8375.0
MLP,12,1,32,120,20,35,2023-03-30 18:46:52.512568,2023-03-30 18:48:20.414646,87.9020779132843,1.4650346318880716,avg,0.7172490204423052,0.6524389778780557,0.5701375570228493,0.562814699992559,0.1718361841996251,0.5701375570228493,,,,,
MLP,12,1,32,120,20,36,2023-03-30 18:48:21.014935,2023-03-30 18:49:45.720547,84.70561194419861,1.4117601990699769,awake,0.7269418722392615,0.7394472876151484,0.9436357746684918,0.8291556485970324,0.1964760943523719,0.5798204497310725,"[[8767 31820]
 [5394 90305]]",8767.0,31820.0,5394.0,90305.0
MLP,12,1,32,120,20,36,2023-03-30 18:48:21.014935,2023-03-30 18:49:45.720547,84.70561194419861,1.4117601990699769,asleep,0.7269418722392615,0.6190946967022103,0.21600512479365314,0.32026740702856726,0.1964760943523719,0.5798204497310725,"[[90305 5394]
 [31820 8767]]",90305.0,5394.0,31820.0,8767.0
MLP,12,1,32,120,20,36,2023-03-30 18:48:21.014935,2023-03-30 18:49:45.720547,84.70561194419861,1.4117601990699769,avg,0.7269418722392615,0.6792709921586794,0.5798204497310725,0.5747115278127999,0.1964760943523719,0.5798204497310725,,,,,
MLP,12,1,32,120,20,37,2023-03-30 18:49:46.288484,2023-03-30 18:51:11.314621,85.02613687515259,1.4171022812525431,awake,0.7247552940140587,0.7405037654275062,0.9360390390704187,0.8268687577307217,0.19813536904345297,0.5813070253868368,"[[9196 31391]
 [6121 89578]]",9196.0,31391.0,6121.0,89578.0
MLP,12,1,32,120,20,37,2023-03-30 18:49:46.288484,2023-03-30 18:51:11.314621,85.02613687515259,1.4171022812525431,asleep,0.7247552940140587,0.6003786642292878,0.22657501170325473,0.3289925586720092,0.19813536904345297,0.5813070253868368,"[[89578 6121]
 [31391 9196]]",89578.0,6121.0,31391.0,9196.0
MLP,12,1,32,120,20,37,2023-03-30 18:49:46.288484,2023-03-30 18:51:11.314621,85.02613687515259,1.4171022812525431,avg,0.7247552940140587,0.6704412148283969,0.5813070253868368,0.5779306582013655,0.19813536904345297,0.5813070253868368,,,,,
MLP,12,1,32,120,20,38,2023-03-30 18:51:11.876143,2023-03-30 18:52:37.086214,85.21007108688354,1.4201678514480591,awake,0.7281011989492685,0.739236147940243,0.946749704803603,0.8302223932704732,0.19681594282142356,0.5796527246268982,"[[8627 31960]
 [5096 90603]]",8627.0,31960.0,5096.0,90603.0
MLP,12,1,32,120,20,38,2023-03-30 18:51:11.876143,2023-03-30 18:52:37.086214,85.21007108688354,1.4201678514480591,asleep,0.7281011989492685,0.6286526269766086,0.2125557444501934,0.3176947155220033,0.19681594282142356,0.5796527246268982,"[[90603 5096]
 [31960 8627]]",90603.0,5096.0,31960.0,8627.0
MLP,12,1,32,120,20,38,2023-03-30 18:51:11.876143,2023-03-30 18:52:37.086214,85.21007108688354,1.4201678514480591,avg,0.7281011989492685,0.6839443874584258,0.5796527246268982,0.5739585543962382,0.19681594282142356,0.5796527246268982,,,,,
MLP,12,1,32,120,20,39,2023-03-30 18:52:37.659792,2023-03-30 18:54:03.072542,85.41275000572205,1.4235458334287008,awake,0.7263475338626124,0.7374146341463415,0.9477841983719788,0.8294688133004724,0.18852746433687195,0.5760060765679097,"[[8289 32298]
 [4997 90702]]",8289.0,32298.0,4997.0,90702.0
MLP,12,1,32,120,20,39,2023-03-30 18:52:37.659792,2023-03-30 18:54:03.072542,85.41275000572205,1.4235458334287008,asleep,0.7263475338626124,0.6238898088213156,0.20422795476384065,0.3077237206021569,0.18852746433687195,0.5760060765679097,"[[90702 4997]
 [32298 8289]]",90702.0,4997.0,32298.0,8289.0
MLP,12,1,32,120,20,39,2023-03-30 18:52:37.659792,2023-03-30 18:54:03.072542,85.41275000572205,1.4235458334287008,avg,0.7263475338626124,0.6806522214838285,0.5760060765679097,0.5685962669513147,0.18852746433687195,0.5760060765679097,,,,,
MLP,12,1,32,120,20,40,2023-03-30 18:54:03.640411,2023-03-30 18:55:35.216826,91.57641506195068,1.5262735843658448,awake,0.7238968052477878,0.7374313096951459,0.9423191464905589,0.8273796143806741,0.1863574228448942,0.5756018823590351,"[[8478 32109]
 [5520 90179]]",8478.0,32109.0,5520.0,90179.0
MLP,12,1,32,120,20,40,2023-03-30 18:54:03.640411,2023-03-30 18:55:35.216826,91.57641506195068,1.5262735843658448,asleep,0.7238968052477878,0.6056579511358765,0.20888461822751128,0.3106347897774114,0.1863574228448942,0.575601882359035,"[[90179 5520]
 [32109 8478]]",90179.0,5520.0,32109.0,8478.0
MLP,12,1,32,120,20,40,2023-03-30 18:54:03.640411,2023-03-30 18:55:35.216826,91.57641506195068,1.5262735843658448,avg,0.7238968052477878,0.6715446304155113,0.5756018823590351,0.5690072020790428,0.1863574228448942,0.575601882359035,,,,,
MLP,12,1,32,120,20,41,2023-03-30 18:55:35.782704,2023-03-30 18:57:01.607879,85.8251748085022,1.4304195801417032,awake,0.7225613782780329,0.7329759490002897,0.9515459931660728,0.828081023938891,0.16825484512342903,0.5670953411761327,"[[7413 33174]
 [4637 91062]]",7413.0,33174.0,4637.0,91062.0
MLP,12,1,32,120,20,41,2023-03-30 18:55:35.782704,2023-03-30 18:57:01.607879,85.8251748085022,1.4304195801417032,asleep,0.7225613782780329,0.6151867219917012,0.18264468918619262,0.2816649885061839,0.16825484512342903,0.5670953411761327,"[[91062 4637]
 [33174 7413]]",91062.0,4637.0,33174.0,7413.0
MLP,12,1,32,120,20,41,2023-03-30 18:55:35.782704,2023-03-30 18:57:01.607879,85.8251748085022,1.4304195801417032,avg,0.7225613782780329,0.6740813354959955,0.5670953411761327,0.5548730062225374,0.16825484512342903,0.5670953411761327,,,,,
MLP,12,1,32,120,20,42,2023-03-30 18:57:02.185246,2023-03-30 18:58:27.503594,85.3183479309082,1.4219724655151367,awake,0.7266923968712854,0.7317589589462582,0.96424205059614,0.832066437633565,0.16680183843780572,0.5654112413771101,"[[6761 33826]
 [3422 92277]]",6761.0,33826.0,3422.0,92277.0
MLP,12,1,32,120,20,42,2023-03-30 18:57:02.185246,2023-03-30 18:58:27.503594,85.3183479309082,1.4219724655151367,asleep,0.7266923968712854,0.6639497201217716,0.16658043215808016,0.2663383888122907,0.16680183843780572,0.5654112413771101,"[[92277 3422]
 [33826 6761]]",92277.0,3422.0,33826.0,6761.0
MLP,12,1,32,120,20,42,2023-03-30 18:57:02.185246,2023-03-30 18:58:27.503594,85.3183479309082,1.4219724655151367,avg,0.7266923968712854,0.6978543395340149,0.5654112413771101,0.5492024132229278,0.16680183843780572,0.5654112413771101,,,,,
MLP,12,1,32,120,20,43,2023-03-30 18:58:28.077362,2023-03-30 18:59:54.321268,86.24390602111816,1.4373984336853027,awake,0.7270812849448953,0.7267948519150256,0.9795504655221058,0.8344527080857579,0.14575624115340702,0.5556707165366461,"[[5349 35238]
 [1957 93742]]",5349.0,35238.0,1957.0,93742.0
MLP,12,1,32,120,20,43,2023-03-30 18:58:28.077362,2023-03-30 18:59:54.321268,86.24390602111816,1.4373984336853027,asleep,0.7270812849448953,0.732137968792773,0.13179096755118633,0.22337293550205664,0.14575624115340702,0.5556707165366461,"[[93742 1957]
 [35238 5349]]",93742.0,1957.0,35238.0,5349.0
MLP,12,1,32,120,20,43,2023-03-30 18:58:28.077362,2023-03-30 18:59:54.321268,86.24390602111816,1.4373984336853027,avg,0.7270812849448953,0.7294664103538993,0.555670716536646,0.5289128217939073,0.14575624115340702,0.5556707165366461,,,,,
MLP,12,1,32,120,20,44,2023-03-30 18:59:54.939167,2023-03-30 19:01:32.388600,97.44943308830261,1.6241572181383768,awake,0.725254244750011,0.7224475145294446,0.9884951775880626,0.8347864454641722,0.1240849399456645,0.5465303394284708,"[[4244 36343]
 [1101 94598]]",4244.0,36343.0,1101.0,94598.0
MLP,12,1,32,120,20,44,2023-03-30 18:59:54.939167,2023-03-30 19:01:32.388600,97.44943308830261,1.6241572181383768,asleep,0.725254244750011,0.7940130963517306,0.1045655012688792,0.18479491422102237,0.1240849399456645,0.546530339428471,"[[94598 1101]
 [36343 4244]]",94598.0,1101.0,36343.0,4244.0
MLP,12,1,32,120,20,44,2023-03-30 18:59:54.939167,2023-03-30 19:01:32.388600,97.44943308830261,1.6241572181383768,avg,0.725254244750011,0.7582303054405876,0.5465303394284708,0.5097906798425973,0.1240849399456645,0.5465303394284708,,,,,
MLP,12,1,32,120,20,45,2023-03-30 19:01:33.086291,2023-03-30 19:02:59.063719,85.97742795944214,1.432957132657369,awake,0.7278223735380009,0.7271247529357051,0.9802610267609901,0.83492795286453,0.147798856270553,0.556432531267996,"[[5382 35205]
 [1889 93810]]",5382.0,35205.0,1889.0,93810.0
MLP,12,1,32,120,20,45,2023-03-30 19:01:33.086291,2023-03-30 19:02:59.063719,85.97742795944214,1.432957132657369,asleep,0.7278223735380009,0.7402007976894512,0.13260403577500185,0.22491537465000624,0.147798856270553,0.556432531267996,"[[93810 1889]
 [35205 5382]]",93810.0,1889.0,35205.0,5382.0
MLP,12,1,32,120,20,45,2023-03-30 19:01:33.086291,2023-03-30 19:02:59.063719,85.97742795944214,1.432957132657369,avg,0.7278223735380009,0.7336627753125782,0.556432531267996,0.5299216637572681,0.147798856270553,0.556432531267996,,,,,
MLP,12,1,32,120,20,46,2023-03-30 19:02:59.531103,2023-03-30 19:04:10.959062,71.42795920372009,1.1904659867286682,awake,0.727007909836667,0.7263839866245588,0.9806058579504489,0.8345643000386853,0.14384086614578218,0.554830979828946,"[[5238 35349]
 [1856 93843]]",5238.0,35349.0,1856.0,93843.0
MLP,12,1,32,120,20,46,2023-03-30 19:02:59.531103,2023-03-30 19:04:10.959062,71.42795920372009,1.1904659867286682,asleep,0.727007909836667,0.7383704539047082,0.12905610170744328,0.2197101570856316,0.14384086614578218,0.554830979828946,"[[93843 1856]
 [35349 5238]]",93843.0,1856.0,35349.0,5238.0
MLP,12,1,32,120,20,46,2023-03-30 19:02:59.531103,2023-03-30 19:04:10.959062,71.42795920372009,1.1904659867286682,avg,0.727007909836667,0.7323772202646335,0.554830979828946,0.5271372285621585,0.14384086614578218,0.554830979828946,,,,,
MLP,12,1,32,120,20,47,2023-03-30 19:04:11.420453,2023-03-30 19:05:22.059535,70.63908195495605,1.177318032582601,awake,0.7207343380831487,0.7198065790577594,0.9861754041317046,0.8321958273812672,0.10822408500976455,0.5405166817884235,"[[3850 36737]
 [1323 94376]]",3850.0,36737.0,1323.0,94376.0
MLP,12,1,32,120,20,47,2023-03-30 19:04:11.420453,2023-03-30 19:05:22.059535,70.63908195495605,1.177318032582601,asleep,0.7207343380831487,0.7442489851150202,0.09485795944514254,0.16826923076923078,0.10822408500976455,0.5405166817884236,"[[94376 1323]
 [36737 3850]]",94376.0,1323.0,36737.0,3850.0
MLP,12,1,32,120,20,47,2023-03-30 19:04:11.420453,2023-03-30 19:05:22.059535,70.63908195495605,1.177318032582601,avg,0.7207343380831487,0.7320277820863899,0.5405166817884236,0.500232529075249,0.10822408500976455,0.5405166817884235,,,,,
MLP,12,1,32,120,20,48,2023-03-30 19:05:22.522946,2023-03-30 19:06:41.425569,78.9026231765747,1.3150437196095786,awake,0.7201693497497909,0.7192170005331708,0.9866978756308843,0.8319874531364956,0.10491878655365505,0.5392133771679442,"[[3723 36864]
 [1273 94426]]",3723.0,36864.0,1273.0,94426.0
MLP,12,1,32,120,20,48,2023-03-30 19:05:22.522946,2023-03-30 19:06:41.425569,78.9026231765747,1.3150437196095786,asleep,0.7201693497497909,0.7451961569255404,0.09172887870500407,0.16335037184915432,0.10491878655365505,0.5392133771679442,"[[94426 1273]
 [36864 3723]]",94426.0,1273.0,36864.0,3723.0
MLP,12,1,32,120,20,48,2023-03-30 19:05:22.522946,2023-03-30 19:06:41.425569,78.9026231765747,1.3150437196095786,avg,0.7201693497497909,0.7322065787293557,0.5392133771679442,0.49766891249282497,0.10491878655365505,0.5392133771679442,,,,,
MLP,12,1,32,120,20,49,2023-03-30 19:06:42.085022,2023-03-30 19:08:05.859403,83.7743809223175,1.3962396820386251,awake,0.7269785597933757,0.7264666707966795,0.980292375050941,0.8345053038895189,0.14419479395951218,0.5549945379825134,"[[5264 35323]
 [1886 93813]]",5264.0,35323.0,1886.0,93813.0
MLP,12,1,32,120,20,49,2023-03-30 19:06:42.085022,2023-03-30 19:08:05.859403,83.7743809223175,1.3962396820386251,asleep,0.7269785597933757,0.7362237762237762,0.12969670091408578,0.22054171816410748,0.14419479395951218,0.5549945379825133,"[[93813 1886]
 [35323 5264]]",93813.0,1886.0,35323.0,5264.0
MLP,12,1,32,120,20,49,2023-03-30 19:06:42.085022,2023-03-30 19:08:05.859403,83.7743809223175,1.3962396820386251,avg,0.7269785597933757,0.7313452235102278,0.5549945379825134,0.5275235110268132,0.14419479395951218,0.5549945379825134,,,,,
MLP,12,1,32,120,20,50,2023-03-30 19:08:06.385358,2023-03-30 19:09:23.228944,76.84358596801758,1.280726432800293,awake,0.7232951293603158,0.7220945552593682,0.9850468656934764,0.8333193368309856,0.12110650646012622,0.5455822940584563,"[[4307 36280]
 [1431 94268]]",4307.0,36280.0,1431.0,94268.0
MLP,12,1,32,120,20,50,2023-03-30 19:08:06.385358,2023-03-30 19:09:23.228944,76.84358596801758,1.280726432800293,asleep,0.7232951293603158,0.7506099686301847,0.10611772242343608,0.18594711279007015,0.12110650646012622,0.5455822940584563,"[[94268 1431]
 [36280 4307]]",94268.0,1431.0,36280.0,4307.0
MLP,12,1,32,120,20,50,2023-03-30 19:08:06.385358,2023-03-30 19:09:23.228944,76.84358596801758,1.280726432800293,avg,0.7232951293603158,0.7363522619447764,0.5455822940584563,0.5096332248105279,0.12110650646012622,0.5455822940584563,,,,,
MLP,12,1,32,120,20,51,2023-03-30 19:09:23.704789,2023-03-30 19:10:36.359022,72.6542329788208,1.2109038829803467,awake,0.7292458506376297,0.7307019264723192,0.9730195717823593,0.8346285191857807,0.16451967692962732,0.5637389479381405,"[[6269 34318]
 [2582 93117]]",6269.0,34318.0,2582.0,93117.0
MLP,12,1,32,120,20,51,2023-03-30 19:09:23.704789,2023-03-30 19:10:36.359022,72.6542329788208,1.2109038829803467,asleep,0.7292458506376297,0.7082815501073325,0.1544583240939217,0.2536105829523848,0.16451967692962732,0.5637389479381405,"[[93117 2582]
 [34318 6269]]",93117.0,2582.0,34318.0,6269.0
MLP,12,1,32,120,20,51,2023-03-30 19:09:23.704789,2023-03-30 19:10:36.359022,72.6542329788208,1.2109038829803467,avg,0.7292458506376297,0.7194917382898258,0.5637389479381405,0.5441195510690828,0.16451967692962732,0.5637389479381405,,,,,
MLP,12,1,32,120,20,52,2023-03-30 19:10:36.830762,2023-03-30 19:11:49.519330,72.68856811523438,1.2114761352539063,awake,0.722986953905757,0.7280117732237857,0.9666454194923667,0.8305269631498382,0.14806896638731193,0.5575583024236416,"[[6026 34561]
 [3192 92507]]",6026.0,34561.0,3192.0,92507.0
MLP,12,1,32,120,20,52,2023-03-30 19:10:36.830762,2023-03-30 19:11:49.519330,72.68856811523438,1.2114761352539063,asleep,0.722986953905757,0.6537209806899544,0.1484711853549166,0.24198373657263328,0.14806896638731193,0.5575583024236417,"[[92507 3192]
 [34561 6026]]",92507.0,3192.0,34561.0,6026.0
MLP,12,1,32,120,20,52,2023-03-30 19:10:36.830762,2023-03-30 19:11:49.519330,72.68856811523438,1.2114761352539063,avg,0.722986953905757,0.6908663769568701,0.5575583024236417,0.5362553498612357,0.14806896638731193,0.5575583024236417,,,,,
MLP,12,1,32,120,20,53,2023-03-30 19:11:49.999940,2023-03-30 19:13:05.599559,75.59961915016174,1.2599936525026958,awake,0.7179314089488282,0.7245566284150005,0.965245195874565,0.8277595569654282,0.12917555344023834,0.5500210260053832,"[[5471 35116]
 [3326 92373]]",5471.0,35116.0,3326.0,92373.0
MLP,12,1,32,120,20,53,2023-03-30 19:11:49.999940,2023-03-30 19:13:05.599559,75.59961915016174,1.2599936525026958,asleep,0.7179314089488282,0.6219165624644766,0.13479685613620124,0.22156973918678113,0.12917555344023834,0.5500210260053832,"[[92373 3326]
 [35116 5471]]",92373.0,3326.0,35116.0,5471.0
MLP,12,1,32,120,20,53,2023-03-30 19:11:49.999940,2023-03-30 19:13:05.599559,75.59961915016174,1.2599936525026958,avg,0.7179314089488282,0.6732365954397386,0.5500210260053832,0.5246646480761047,0.12917555344023834,0.5500210260053832,,,,,
MLP,12,1,32,120,20,54,2023-03-30 19:13:06.143868,2023-03-30 19:14:24.925424,78.78155612945557,1.3130259354909262,awake,0.7159356060050188,0.7216883874732543,0.9692368781282981,0.8273423005565862,0.11461136107922276,0.5439601001871688,"[[4817 35770]
 [2944 92755]]",4817.0,35770.0,2944.0,92755.0
MLP,12,1,32,120,20,54,2023-03-30 19:13:06.143868,2023-03-30 19:14:24.925424,78.78155612945557,1.3130259354909262,asleep,0.7159356060050188,0.6206674397629172,0.11868332224603938,0.19926367171341108,0.11461136107922276,0.5439601001871687,"[[92755 2944]
 [35770 4817]]",92755.0,2944.0,35770.0,4817.0
MLP,12,1,32,120,20,54,2023-03-30 19:13:06.143868,2023-03-30 19:14:24.925424,78.78155612945557,1.3130259354909262,avg,0.7159356060050188,0.6711779136180858,0.5439601001871687,0.5133029861349987,0.11461136107922276,0.5439601001871688,,,,,
MLP,12,1,32,120,20,55,2023-03-30 19:14:25.412886,2023-03-30 19:15:42.936027,77.52314114570618,1.2920523524284362,awake,0.7177919962431945,0.7266492436841688,0.9587769987147201,0.826728056620519,0.13836671297392955,0.5541784567328744,"[[6071 34516]
 [3945 91754]]",6071.0,34516.0,3945.0,91754.0
MLP,12,1,32,120,20,55,2023-03-30 19:14:25.412886,2023-03-30 19:15:42.936027,77.52314114570618,1.2920523524284362,asleep,0.7177919962431945,0.6061301916932907,0.14957991475102866,0.23994624824615143,0.13836671297392955,0.5541784567328744,"[[91754 3945]
 [34516 6071]]",91754.0,3945.0,34516.0,6071.0
MLP,12,1,32,120,20,55,2023-03-30 19:14:25.412886,2023-03-30 19:15:42.936027,77.52314114570618,1.2920523524284362,avg,0.7177919962431945,0.6663897176887298,0.5541784567328744,0.5333371524333352,0.13836671297392955,0.5541784567328744,,,,,
MLP,12,1,32,120,20,56,2023-03-30 19:15:43.526077,2023-03-30 19:17:13.667152,90.14107489585876,1.5023512482643127,awake,0.7193402110268112,0.7271016658365156,0.9609922778712421,0.8278438397349921,0.14143698131175564,0.555273777095623,"[[6070 34517]
 [3733 91966]]",6070.0,34517.0,3733.0,91966.0
MLP,12,1,32,120,20,56,2023-03-30 19:15:43.526077,2023-03-30 19:17:13.667152,90.14107489585876,1.5023512482643127,asleep,0.7193402110268112,0.6191982046312353,0.14955527632000395,0.24092081762254416,0.14143698131175564,0.555273777095623,"[[91966 3733]
 [34517 6070]]",91966.0,3733.0,34517.0,6070.0
MLP,12,1,32,120,20,56,2023-03-30 19:15:43.526077,2023-03-30 19:17:13.667152,90.14107489585876,1.5023512482643127,avg,0.7193402110268112,0.6731499352338755,0.555273777095623,0.5343823286787681,0.14143698131175564,0.555273777095623,,,,,
MLP,12,1,32,120,20,57,2023-03-30 19:17:14.169006,2023-03-30 19:18:30.135864,75.96685791015625,1.2661142985026042,awake,0.7187238601176936,0.7259371873744574,0.9629881189981087,0.8278268836908483,0.13589650992368274,0.5528839133931583,"[[5795 34792]
 [3542 92157]]",5795.0,34792.0,3542.0,92157.0
MLP,12,1,32,120,20,57,2023-03-30 19:17:14.169006,2023-03-30 19:18:30.135864,75.96685791015625,1.2661142985026042,asleep,0.7187238601176936,0.6206490307379244,0.14277970778820806,0.23215287236599635,0.13589650992368274,0.5528839133931583,"[[92157 3542]
 [34792 5795]]",92157.0,3542.0,34792.0,5795.0
MLP,12,1,32,120,20,57,2023-03-30 19:17:14.169006,2023-03-30 19:18:30.135864,75.96685791015625,1.2661142985026042,avg,0.7187238601176936,0.6732931090561909,0.5528839133931583,0.5299898780284223,0.13589650992368274,0.5528839133931583,,,,,
MLP,12,1,32,120,20,58,2023-03-30 19:18:30.661179,2023-03-30 19:19:41.624021,70.96284198760986,1.182714033126831,awake,0.7267217469145767,0.7387653070394,0.9449733017063919,0.8292421255329879,0.19381512974424164,0.5785427771990702,"[[8609 31978]
 [5266 90433]]",8609.0,31978.0,5266.0,90433.0
MLP,12,1,32,120,20,58,2023-03-30 19:18:30.661179,2023-03-30 19:19:41.624021,70.96284198760986,1.182714033126831,asleep,0.7267217469145767,0.6204684684684685,0.21211225269174858,0.31614703830193525,0.19381512974424164,0.5785427771990702,"[[90433 5266]
 [31978 8609]]",90433.0,5266.0,31978.0,8609.0
MLP,12,1,32,120,20,58,2023-03-30 19:18:30.661179,2023-03-30 19:19:41.624021,70.96284198760986,1.182714033126831,avg,0.7267217469145767,0.6796168877539343,0.5785427771990702,0.5726945819174616,0.19381512974424164,0.5785427771990702,,,,,
MLP,12,1,32,120,20,59,2023-03-30 19:19:42.076922,2023-03-30 19:20:52.171101,70.09417915344238,1.1682363192240397,awake,0.7198758493168778,0.7385498399217026,0.9304590434591793,0.8234712043095276,0.18675322806508732,0.5769032103490983,"[[9065 31522]
 [6655 89044]]",9065.0,31522.0,6655.0,89044.0
MLP,12,1,32,120,20,59,2023-03-30 19:19:42.076922,2023-03-30 19:20:52.171101,70.09417915344238,1.1682363192240397,asleep,0.7198758493168778,0.5766539440203562,0.22334737723901743,0.3219848331468556,0.18675322806508732,0.5769032103490983,"[[89044 6655]
 [31522 9065]]",89044.0,6655.0,31522.0,9065.0
MLP,12,1,32,120,20,59,2023-03-30 19:19:42.076922,2023-03-30 19:20:52.171101,70.09417915344238,1.1682363192240397,avg,0.7198758493168778,0.6576018919710294,0.5769032103490983,0.5727280187281916,0.18675322806508732,0.5769032103490983,,,,,
MLP,12,1,32,120,20,60,2023-03-30 19:20:52.619922,2023-03-30 19:22:02.650014,70.0300920009613,1.1671682000160217,awake,0.712677751199683,0.7335227695128902,0.9279198319731659,0.8193485883004243,0.16228390785881208,0.5665420235579728,"[[8327 32260]
 [6898 88801]]",8327.0,32260.0,6898.0,88801.0
MLP,12,1,32,120,20,60,2023-03-30 19:20:52.619922,2023-03-30 19:22:02.650014,70.0300920009613,1.1671682000160217,asleep,0.712677751199683,0.5469293924466339,0.20516421514277972,0.2983946104780334,0.16228390785881208,0.5665420235579728,"[[88801 6898]
 [32260 8327]]",88801.0,6898.0,32260.0,8327.0
MLP,12,1,32,120,20,60,2023-03-30 19:20:52.619922,2023-03-30 19:22:02.650014,70.0300920009613,1.1671682000160217,avg,0.712677751199683,0.640226080979762,0.5665420235579728,0.5588715993892288,0.16228390785881208,0.5665420235579728,,,,,
MLP,12,1,32,120,20,61,2023-03-30 19:22:03.121512,2023-03-30 19:23:12.699192,69.5776801109314,1.1596280018488565,awake,0.7161190437755895,0.7343236222543733,0.9334371310045037,0.8219943224429138,0.1680927452683343,0.5685738393584127,"[[8268 32319]
 [6370 89329]]",8268.0,32319.0,6370.0,89329.0
MLP,12,1,32,120,20,61,2023-03-30 19:22:03.121512,2023-03-30 19:23:12.699192,69.5776801109314,1.1596280018488565,asleep,0.7161190437755895,0.5648312611012434,0.20371054771232167,0.29942960615663194,0.1680927452683343,0.5685738393584128,"[[89329 6370]
 [32319 8268]]",89329.0,6370.0,32319.0,8268.0
MLP,12,1,32,120,20,61,2023-03-30 19:22:03.121512,2023-03-30 19:23:12.699192,69.5776801109314,1.1596280018488565,avg,0.7161190437755895,0.6495774416778084,0.5685738393584127,0.5607119642997729,0.1680927452683343,0.5685738393584128,,,,,
MLP,12,1,32,120,20,62,2023-03-30 19:23:13.149746,2023-03-30 19:24:21.608234,68.45848798751831,1.140974799791972,awake,0.7169481824985692,0.737113444854925,0.9277944388133628,0.8215346465945577,0.17903871133824334,0.5737969409924109,"[[8921 31666]
 [6910 88789]]",8921.0,31666.0,6910.0,88789.0
MLP,12,1,32,120,20,62,2023-03-30 19:23:13.149746,2023-03-30 19:24:21.608234,68.45848798751831,1.140974799791972,asleep,0.7169481824985692,0.5635146232076306,0.21979944317145883,0.31624658796837885,0.17903871133824334,0.5737969409924107,"[[88789 6910]
 [31666 8921]]",88789.0,6910.0,31666.0,8921.0
MLP,12,1,32,120,20,62,2023-03-30 19:23:13.149746,2023-03-30 19:24:21.608234,68.45848798751831,1.140974799791972,avg,0.7169481824985692,0.6503140340312779,0.5737969409924109,0.5688906172814683,0.17903871133824334,0.5737969409924109,,,,,
MLP,12,1,32,120,20,63,2023-03-30 19:24:22.060107,2023-03-30 19:25:30.523492,68.46338510513306,1.1410564184188843,awake,0.7163244940786287,0.7367036286975864,0.9275018547738221,0.8211654015348108,0.17702437742024246,0.5729484536884362,"[[8864 31723]
 [6938 88761]]",8864.0,31723.0,6938.0,88761.0
MLP,12,1,32,120,20,63,2023-03-30 19:24:22.060107,2023-03-30 19:25:30.523492,68.46338510513306,1.1410564184188843,asleep,0.7163244940786287,0.5609416529553221,0.21839505260305023,0.3143875578570288,0.17702437742024246,0.5729484536884362,"[[88761 6938]
 [31723 8864]]",88761.0,6938.0,31723.0,8864.0
MLP,12,1,32,120,20,63,2023-03-30 19:24:22.060107,2023-03-30 19:25:30.523492,68.46338510513306,1.1410564184188843,avg,0.7163244940786287,0.6488226408264542,0.5729484536884362,0.5677764796959198,0.17702437742024246,0.5729484536884362,,,,,
MLP,12,1,32,120,20,64,2023-03-30 19:25:30.987417,2023-03-30 19:26:40.959905,69.97248792648315,1.1662081321080526,awake,0.7174544707453443,0.7317980642964836,0.9433640894889184,0.8242211215849177,0.1594496685004828,0.5640761610871305,"[[7500 33087]
 [5420 90279]]",7500.0,33087.0,5420.0,90279.0
MLP,12,1,32,120,20,64,2023-03-30 19:25:30.987417,2023-03-30 19:26:40.959905,69.97248792648315,1.1662081321080526,asleep,0.7174544707453443,0.5804953560371517,0.18478823268534258,0.280337152148317,0.1594496685004828,0.5640761610871304,"[[90279 5420]
 [33087 7500]]",90279.0,5420.0,33087.0,7500.0
MLP,12,1,32,120,20,64,2023-03-30 19:25:30.987417,2023-03-30 19:26:40.959905,69.97248792648315,1.1662081321080526,avg,0.7174544707453443,0.6561467101668177,0.5640761610871304,0.5522791368666173,0.1594496685004828,0.5640761610871305,,,,,
MLP,12,1,32,120,20,65,2023-03-30 19:26:41.417058,2023-03-30 19:28:10.702209,89.28515100479126,1.4880858500798544,awake,0.7192594984077602,0.7328630503527123,0.9444612796371958,0.8253153691976861,0.16508479754271532,0.5663617655485115,"[[7641 32946]
 [5315 90384]]",7641.0,32946.0,5315.0,90384.0
MLP,12,1,32,120,20,65,2023-03-30 19:26:41.417058,2023-03-30 19:28:10.702209,89.28515100479126,1.4880858500798544,asleep,0.7192594984077602,0.5897653596789132,0.18826225145982703,0.2854154604710233,0.16508479754271532,0.5663617655485115,"[[90384 5315]
 [32946 7641]]",90384.0,5315.0,32946.0,7641.0
MLP,12,1,32,120,20,65,2023-03-30 19:26:41.417058,2023-03-30 19:28:10.702209,89.28515100479126,1.4880858500798544,avg,0.7192594984077602,0.6613142050158127,0.5663617655485115,0.5553654148343548,0.16508479754271532,0.5663617655485115,,,,,
MLP,12,1,32,120,20,66,2023-03-30 19:28:11.144084,2023-03-30 19:29:19.750563,68.60647892951965,1.1434413154919942,awake,0.7219890524338524,0.7317219817219818,0.9537717217525784,0.8281202509537786,0.16278556333394967,0.5646233137552898,"[[7122 33465]
 [4424 91275]]",7122.0,33465.0,4424.0,91275.0
MLP,12,1,32,120,20,66,2023-03-30 19:28:11.144084,2023-03-30 19:29:19.750563,68.60647892951965,1.1434413154919942,asleep,0.7219890524338524,0.6168369998267799,0.17547490575800134,0.27322425335200357,0.16278556333394967,0.56462331375529,"[[91275 4424]
 [33465 7122]]",91275.0,4424.0,33465.0,7122.0
MLP,12,1,32,120,20,66,2023-03-30 19:28:11.144084,2023-03-30 19:29:19.750563,68.60647892951965,1.1434413154919942,avg,0.7219890524338524,0.6742794907743808,0.5646233137552898,0.5506722521528911,0.16278556333394967,0.5646233137552898,,,,,
MLP,12,1,32,120,20,67,2023-03-30 19:29:20.200710,2023-03-30 19:30:30.216386,70.01567602157593,1.1669279336929321,awake,0.7211599137108727,0.7329403690096492,0.9485052090408468,0.8269048573406698,0.16695077442292738,0.5668068706647553,"[[7513 33074]
 [4928 90771]]",7513.0,33074.0,4928.0,90771.0
MLP,12,1,32,120,20,67,2023-03-30 19:29:20.200710,2023-03-30 19:30:30.216386,70.01567602157593,1.1669279336929321,asleep,0.7211599137108727,0.6038903625110522,0.18510853228866386,0.28335973447989743,0.16695077442292738,0.5668068706647553,"[[90771 4928]
 [33074 7513]]",90771.0,4928.0,33074.0,7513.0
MLP,12,1,32,120,20,67,2023-03-30 19:29:20.200710,2023-03-30 19:30:30.216386,70.01567602157593,1.1669279336929321,avg,0.7211599137108727,0.6684153657603507,0.5668068706647553,0.5551322959102836,0.16695077442292738,0.5668068706647553,,,,,
MLP,12,1,32,120,20,68,2023-03-30 19:30:30.687086,2023-03-30 19:31:39.336134,68.6490478515625,1.1441507975260417,awake,0.7201473372173224,0.7302194242014575,0.9538657666224307,0.8271924896242999,0.15520876052864885,0.5614673401570034,"[[6862 33725]
 [4415 91284]]",6862.0,33725.0,4415.0,91284.0
MLP,12,1,32,120,20,68,2023-03-30 19:30:30.687086,2023-03-30 19:31:39.336134,68.6490478515625,1.1441507975260417,asleep,0.7201473372173224,0.608495167154385,0.16906891369157612,0.26461514730834484,0.15520876052864885,0.5614673401570034,"[[91284 4415]
 [33725 6862]]",91284.0,4415.0,33725.0,6862.0
MLP,12,1,32,120,20,68,2023-03-30 19:30:30.687086,2023-03-30 19:31:39.336134,68.6490478515625,1.1441507975260417,avg,0.7201473372173224,0.6693572956779212,0.5614673401570034,0.5459038184663224,0.15520876052864885,0.5614673401570034,,,,,
MLP,12,1,32,120,20,69,2023-03-30 19:31:39.781146,2023-03-30 19:33:08.658466,88.87732005119324,1.4812886675198873,awake,0.7210278385160618,0.7323611167062805,0.9498218372187797,0.8270355846306423,0.16455660764764357,0.5656912177199425,"[[7369 33218]
 [4802 90897]]",7369.0,33218.0,4802.0,90897.0
MLP,12,1,32,120,20,69,2023-03-30 19:31:39.781146,2023-03-30 19:33:08.658466,88.87732005119324,1.4812886675198873,asleep,0.7210278385160618,0.6054555911593131,0.1815605982211053,0.2793509989006407,0.16455660764764357,0.5656912177199425,"[[90897 4802]
 [33218 7369]]",90897.0,4802.0,33218.0,7369.0
MLP,12,1,32,120,20,69,2023-03-30 19:31:39.781146,2023-03-30 19:33:08.658466,88.87732005119324,1.4812886675198873,avg,0.7210278385160618,0.6689083539327968,0.5656912177199425,0.5531932917656415,0.16455660764764357,0.5656912177199425,,,,,
MLP,12,1,32,120,20,70,2023-03-30 19:33:09.106860,2023-03-30 19:34:18.726304,69.6194441318512,1.1603240688641867,awake,0.719523648797382,0.7341137941147717,0.9416085852516746,0.8250147633064314,0.1701323677312334,0.5687420559490688,"[[7950 32637]
 [5588 90111]]",7950.0,32637.0,5588.0,90111.0
MLP,12,1,32,120,20,70,2023-03-30 19:33:09.106860,2023-03-30 19:34:18.726304,69.6194441318512,1.1603240688641867,asleep,0.719523648797382,0.5872359284975625,0.19587552664646316,0.2937644341801386,0.1701323677312334,0.5687420559490688,"[[90111 5588]
 [32637 7950]]",90111.0,5588.0,32637.0,7950.0
MLP,12,1,32,120,20,70,2023-03-30 19:33:09.106860,2023-03-30 19:34:18.726304,69.6194441318512,1.1603240688641867,avg,0.719523648797382,0.660674861306167,0.5687420559490689,0.559389598743285,0.1701323677312334,0.5687420559490688,,,,,
MLP,12,1,32,120,20,71,2023-03-30 19:34:19.171554,2023-03-30 19:35:30.026544,70.85499000549316,1.1809165000915527,awake,0.7200446120658028,0.73146323215909,0.950124870688304,0.8265774569784461,0.16017931333464985,0.5638347023261906,"[[7206 33381]
 [4773 90926]]",7206.0,33381.0,4773.0,90926.0
MLP,12,1,32,120,20,71,2023-03-30 19:34:19.171554,2023-03-30 19:35:30.026544,70.85499000549316,1.1809165000915527,asleep,0.7200446120658028,0.6015527172551965,0.17754453396407716,0.2741696153407145,0.16017931333464985,0.5638347023261906,"[[90926 4773]
 [33381 7206]]",90926.0,4773.0,33381.0,7206.0
MLP,12,1,32,120,20,71,2023-03-30 19:34:19.171554,2023-03-30 19:35:30.026544,70.85499000549316,1.1809165000915527,avg,0.7200446120658028,0.6665079747071433,0.5638347023261906,0.5503735361595803,0.16017931333464985,0.5638347023261906,,,,,
MLP,12,1,32,120,20,72,2023-03-30 19:35:30.465162,2023-03-30 19:36:41.171790,70.70662784576416,1.1784437974294026,awake,0.7177186211349662,0.7321020100257946,0.9431133031693121,0.8243180915239222,0.1608577002918894,0.5646899208580687,"[[7560 33027]
 [5444 90255]]",7560.0,33027.0,5444.0,90255.0
MLP,12,1,32,120,20,72,2023-03-30 19:35:30.465162,2023-03-30 19:36:41.171790,70.70662784576416,1.1784437974294026,asleep,0.7177186211349662,0.5813595816671794,0.18626653854682534,0.2821369259763767,0.1608577002918894,0.5646899208580688,"[[90255 5444]
 [33027 7560]]",90255.0,5444.0,33027.0,7560.0
MLP,12,1,32,120,20,72,2023-03-30 19:35:30.465162,2023-03-30 19:36:41.171790,70.70662784576416,1.1784437974294026,avg,0.7177186211349662,0.656730795846487,0.5646899208580687,0.5532275087501495,0.1608577002918894,0.5646899208580687,,,,,
MLP,12,1,32,120,20,73,2023-03-30 19:36:41.621769,2023-03-30 19:37:51.938123,70.31635403633118,1.171939233938853,awake,0.715803530810208,0.7316993809636143,0.9399262270243158,0.8228438654908705,0.15775742539628324,0.5636384282681143,"[[7604 32983]
 [5749 89950]]",7604.0,32983.0,5749.0,89950.0
MLP,12,1,32,120,20,73,2023-03-30 19:36:41.621769,2023-03-30 19:37:51.938123,70.31635403633118,1.171939233938853,asleep,0.715803530810208,0.5694600464315135,0.18735062951191267,0.28194289951798296,0.15775742539628324,0.5636384282681143,"[[89950 5749]
 [32983 7604]]",89950.0,5749.0,32983.0,7604.0
MLP,12,1,32,120,20,73,2023-03-30 19:36:41.621769,2023-03-30 19:37:51.938123,70.31635403633118,1.171939233938853,avg,0.715803530810208,0.650579713697564,0.5636384282681143,0.5523933825044267,0.15775742539628324,0.5636384282681143,,,,,
MLP,12,1,32,120,20,74,2023-03-30 19:37:52.387768,2023-03-30 19:39:01.844878,69.4571099281311,1.1576184988021851,awake,0.7138737654638041,0.7288555607574706,0.9435312803686559,0.8224150101327504,0.1448722335030247,0.5579508719087718,"[[6996 33591]
 [5404 90295]]",6996.0,33591.0,5404.0,90295.0
MLP,12,1,32,120,20,74,2023-03-30 19:37:52.387768,2023-03-30 19:39:01.844878,69.4571099281311,1.1576184988021851,asleep,0.7138737654638041,0.5641935483870968,0.17237046344888757,0.26406477060411043,0.1448722335030247,0.5579508719087717,"[[90295 5404]
 [33591 6996]]",90295.0,5404.0,33591.0,6996.0
MLP,12,1,32,120,20,74,2023-03-30 19:37:52.387768,2023-03-30 19:39:01.844878,69.4571099281311,1.1576184988021851,avg,0.7138737654638041,0.6465245545722837,0.5579508719087717,0.5432398903684305,0.1448722335030247,0.5579508719087718,,,,,
MLP,12,1,32,120,20,75,2023-03-30 19:39:02.296491,2023-03-30 19:40:12.748711,70.45222020149231,1.174203670024872,awake,0.7126337261347461,0.7281569070583962,0.9426953259699683,0.8216526863211199,0.1410976553715153,0.5564364845288282,"[[6907 33680]
 [5484 90215]]",6907.0,33680.0,5484.0,90215.0
MLP,12,1,32,120,20,75,2023-03-30 19:39:02.296491,2023-03-30 19:40:12.748711,70.45222020149231,1.174203670024872,asleep,0.7126337261347461,0.5574207085788072,0.17017764308768818,0.26074974517724336,0.1410976553715153,0.5564364845288283,"[[90215 5484]
 [33680 6907]]",90215.0,5484.0,33680.0,6907.0
MLP,12,1,32,120,20,75,2023-03-30 19:39:02.296491,2023-03-30 19:40:12.748711,70.45222020149231,1.174203670024872,avg,0.7126337261347461,0.6427888078186017,0.5564364845288282,0.5412012157491817,0.1410976553715153,0.5564364845288283,,,,,
MLP,12,1,32,120,20,76,2023-03-30 19:40:13.190537,2023-03-30 19:41:42.218292,89.02775502204895,1.4837959170341493,awake,0.7118412749658806,0.7251190884645766,0.9496128486191078,0.8223195461167464,0.12765050838987702,0.5504094499088837,"[[6137 34450]
 [4822 90877]]",6137.0,34450.0,4822.0,90877.0
MLP,12,1,32,120,20,76,2023-03-30 19:40:13.190537,2023-03-30 19:41:42.218292,89.02775502204895,1.4837959170341493,asleep,0.7118412749658806,0.5599963500319373,0.15120605119865968,0.23811740969231365,0.12765050838987702,0.5504094499088837,"[[90877 4822]
 [34450 6137]]",90877.0,4822.0,34450.0,6137.0
MLP,12,1,32,120,20,76,2023-03-30 19:40:13.190537,2023-03-30 19:41:42.218292,89.02775502204895,1.4837959170341493,avg,0.7118412749658806,0.642557719248257,0.5504094499088837,0.53021847790453,0.12765050838987702,0.5504094499088837,,,,,
MLP,12,1,32,120,20,77,2023-03-30 19:41:42.665444,2023-03-30 19:42:52.744598,70.0791540145874,1.1679859002431234,awake,0.7098234594896028,0.7237167126169342,0.9490694782599609,0.8212136692631455,0.12019051937641856,0.5473905796700549,"[[5914 34673]
 [4874 90825]]",5914.0,34673.0,4874.0,90825.0
MLP,12,1,32,120,20,77,2023-03-30 19:41:42.665444,2023-03-30 19:42:52.744598,70.0791540145874,1.1679859002431234,asleep,0.7098234594896028,0.5482017055988135,0.1457116810801488,0.2302287104622871,0.12019051937641856,0.5473905796700549,"[[90825 4874]
 [34673 5914]]",90825.0,4874.0,34673.0,5914.0
MLP,12,1,32,120,20,77,2023-03-30 19:41:42.665444,2023-03-30 19:42:52.744598,70.0791540145874,1.1679859002431234,avg,0.7098234594896028,0.6359592091078738,0.5473905796700549,0.5257211898627163,0.12019051937641856,0.5473905796700549,,,,,
MLP,12,1,32,120,20,78,2023-03-30 19:42:53.182177,2023-03-30 19:44:03.502592,70.32041501998901,1.1720069169998169,awake,0.7122154880178448,0.7270162068300212,0.9449942005663591,0.8217964387457914,0.13603954952860453,0.5541734991301009,"[[6630 33957]
 [5264 90435]]",6630.0,33957.0,5264.0,90435.0
MLP,12,1,32,120,20,78,2023-03-30 19:42:53.182177,2023-03-30 19:44:03.502592,70.32041501998901,1.1720069169998169,asleep,0.7122154880178448,0.557423911215739,0.16335279769384287,0.25266286846668323,0.13603954952860453,0.5541734991301009,"[[90435 5264]
 [33957 6630]]",90435.0,5264.0,33957.0,6630.0
MLP,12,1,32,120,20,78,2023-03-30 19:42:53.182177,2023-03-30 19:44:03.502592,70.32041501998901,1.1720069169998169,avg,0.7122154880178448,0.6422200590228802,0.5541734991301009,0.5372296536062373,0.13603954952860453,0.5541734991301009,,,,,
MLP,12,1,32,120,20,79,2023-03-30 19:44:03.942367,2023-03-30 19:45:14.078113,70.13574600219727,1.168929100036621,awake,0.7141672658967172,0.7283166755186455,0.9457256606652107,0.8229036437615075,0.14286103660463778,0.5569537954199486,"[[6826 33761]
 [5194 90505]]",6826.0,33761.0,5194.0,90505.0
MLP,12,1,32,120,20,79,2023-03-30 19:44:03.942367,2023-03-30 19:45:14.078113,70.13574600219727,1.168929100036621,asleep,0.7141672658967172,0.5678868552412646,0.16818193017468647,0.2595091907920999,0.14286103660463778,0.5569537954199486,"[[90505 5194]
 [33761 6826]]",90505.0,5194.0,33761.0,6826.0
MLP,12,1,32,120,20,79,2023-03-30 19:44:03.942367,2023-03-30 19:45:14.078113,70.13574600219727,1.168929100036621,avg,0.7141672658967172,0.648101765379955,0.5569537954199486,0.5412064172768036,0.14286103660463778,0.5569537954199486,,,,,
MLP,12,1,32,120,20,80,2023-03-30 19:45:14.517758,2023-03-30 19:46:24.340033,69.82227516174316,1.1637045860290527,awake,0.712208150507022,0.7265732189708985,0.9462481321643904,0.8219868198899841,0.13415875243941877,0.5533098398521215,"[[6509 34078]
 [5144 90555]]",6509.0,34078.0,5144.0,90555.0
MLP,12,1,32,120,20,80,2023-03-30 19:45:14.517758,2023-03-30 19:46:24.340033,69.82227516174316,1.1637045860290527,asleep,0.712208150507022,0.5585686089419034,0.16037154753985267,0.2491960183767228,0.13415875243941877,0.5533098398521215,"[[90555 5144]
 [34078 6509]]",90555.0,5144.0,34078.0,6509.0
MLP,12,1,32,120,20,80,2023-03-30 19:45:14.517758,2023-03-30 19:46:24.340033,69.82227516174316,1.1637045860290527,avg,0.712208150507022,0.642570913956401,0.5533098398521216,0.5355914191333535,0.13415875243941877,0.5533098398521215,,,,,
MLP,12,1,32,120,20,81,2023-03-30 19:46:24.787947,2023-03-30 19:47:37.061826,72.2738790512085,1.2045646508534749,awake,0.7150624422171022,0.7281100075413571,0.9483484675910929,0.8237627357099094,0.14264658588822532,0.5566760200817957,"[[6697 33890]
 [4943 90756]]",6697.0,33890.0,4943.0,90756.0
MLP,12,1,32,120,20,81,2023-03-30 19:46:24.787947,2023-03-30 19:47:37.061826,72.2738790512085,1.2045646508534749,asleep,0.7150624422171022,0.5753436426116838,0.1650035725724986,0.2564573879411033,0.14264658588822532,0.5566760200817957,"[[90756 4943]
 [33890 6697]]",90756.0,4943.0,33890.0,6697.0
MLP,12,1,32,120,20,81,2023-03-30 19:46:24.787947,2023-03-30 19:47:37.061826,72.2738790512085,1.2045646508534749,avg,0.7150624422171022,0.6517268250765205,0.5566760200817957,0.5401100618255064,0.14264658588822532,0.5566760200817957,,,,,
MLP,12,1,32,120,20,82,2023-03-30 19:47:37.510896,2023-03-30 19:48:46.918091,69.40719509124756,1.1567865848541259,awake,0.7140865532776661,0.7261991148678283,0.951619139175958,0.8237661914755048,0.13384082202565573,0.5528169857557174,"[[6251 34336]
 [4630 91069]]",6251.0,34336.0,4630.0,91069.0
MLP,12,1,32,120,20,82,2023-03-30 19:47:37.510896,2023-03-30 19:48:46.918091,69.40719509124756,1.1567865848541259,asleep,0.7140865532776661,0.5744876390037681,0.1540148323354769,0.24290821481308777,0.13384082202565573,0.5528169857557175,"[[91069 4630]
 [34336 6251]]",91069.0,4630.0,34336.0,6251.0
MLP,12,1,32,120,20,82,2023-03-30 19:47:37.510896,2023-03-30 19:48:46.918091,69.40719509124756,1.1567865848541259,avg,0.7140865532776661,0.6503433769357982,0.5528169857557175,0.5333372031442962,0.13384082202565573,0.5528169857557175,,,,,
MLP,12,1,32,120,20,83,2023-03-30 19:48:47.374141,2023-03-30 19:49:56.858202,69.48406100273132,1.1580676833788555,awake,0.7044817516105836,0.7246214700256136,0.9341581416733717,0.8161554929680332,0.12081030328209397,0.5485460430198972,"[[6613 33974]
 [6301 89398]]",6613.0,33974.0,6301.0,89398.0
MLP,12,1,32,120,20,83,2023-03-30 19:48:47.374141,2023-03-30 19:49:56.858202,69.48406100273132,1.1580676833788555,asleep,0.7044817516105836,0.5120799132724175,0.16293394436642275,0.24721033251714922,0.12081030328209397,0.5485460430198973,"[[89398 6301]
 [33974 6613]]",89398.0,6301.0,33974.0,6613.0
MLP,12,1,32,120,20,83,2023-03-30 19:48:47.374141,2023-03-30 19:49:56.858202,69.48406100273132,1.1580676833788555,avg,0.7044817516105836,0.6183506916490156,0.5485460430198973,0.5316829127425913,0.12081030328209397,0.5485460430198972,,,,,
MLP,12,1,32,120,20,84,2023-03-30 19:49:57.308217,2023-03-30 19:51:06.883534,69.57531690597534,1.159588615099589,awake,0.7108140234506846,0.7295161513933176,0.934743309752453,0.8194759985342617,0.14531544883453107,0.5587802339779093,"[[7420 33167]
 [6245 89454]]",7420.0,33167.0,6245.0,89454.0
MLP,12,1,32,120,20,84,2023-03-30 19:49:57.308217,2023-03-30 19:51:06.883534,69.57531690597534,1.159588615099589,asleep,0.7108140234506846,0.5429930479326747,0.1828171582033656,0.273538302735383,0.14531544883453107,0.5587802339779093,"[[89454 6245]
 [33167 7420]]",89454.0,6245.0,33167.0,7420.0
MLP,12,1,32,120,20,84,2023-03-30 19:49:57.308217,2023-03-30 19:51:06.883534,69.57531690597534,1.159588615099589,avg,0.7108140234506846,0.6362545996629961,0.5587802339779093,0.5465071506348224,0.14531544883453107,0.5587802339779093,,,,,
MLP,12,1,32,120,20,85,2023-03-30 19:51:07.336206,2023-03-30 19:52:18.382315,71.04610896110535,1.1841018160184225,awake,0.6991987438181472,0.7235444113897153,0.9250880364476117,0.8119969732406962,0.11304786633942521,0.5458342343028459,"[[6761 33826]
 [7169 88530]]",6761.0,33826.0,7169.0,88530.0
MLP,12,1,32,120,20,85,2023-03-30 19:51:07.336206,2023-03-30 19:52:18.382315,71.04610896110535,1.1841018160184225,asleep,0.6991987438181472,0.4853553481694185,0.16658043215808016,0.24803272373754973,0.11304786633942521,0.5458342343028459,"[[88530 7169]
 [33826 6761]]",88530.0,7169.0,33826.0,6761.0
MLP,12,1,32,120,20,85,2023-03-30 19:51:07.336206,2023-03-30 19:52:18.382315,71.04610896110535,1.1841018160184225,avg,0.6991987438181472,0.6044498797795669,0.5458342343028459,0.530014848489123,0.11304786633942521,0.5458342343028459,,,,,
MLP,12,1,32,120,20,86,2023-03-30 19:52:18.837469,2023-03-30 19:53:47.834466,88.99699687957764,1.483283281326294,awake,0.7063014542946451,0.7253854126182148,0.9361435333702547,0.8173975721135203,0.12520471215768936,0.5502532533680553,"[[6671 33916]
 [6111 89588]]",6671.0,33916.0,6111.0,89588.0
MLP,12,1,32,120,20,86,2023-03-30 19:52:18.837469,2023-03-30 19:53:47.834466,88.99699687957764,1.483283281326294,asleep,0.7063014542946451,0.5219058050383352,0.16436297336585606,0.24999531563267066,0.12520471215768936,0.5502532533680554,"[[89588 6111]
 [33916 6671]]",89588.0,6111.0,33916.0,6671.0
MLP,12,1,32,120,20,86,2023-03-30 19:52:18.837469,2023-03-30 19:53:47.834466,88.99699687957764,1.483283281326294,avg,0.7063014542946451,0.6236456088282749,0.5502532533680554,0.5336964438730954,0.12520471215768936,0.5502532533680553,,,,,
MLP,12,1,32,120,20,87,2023-03-30 19:53:48.293584,2023-03-30 19:54:58.391619,70.09803485870361,1.1683005809783935,awake,0.706815080052243,0.7260238423485524,0.9354956687112718,0.817555442927003,0.12822926541057345,0.5515554574861949,"[[6803 33784]
 [6173 89526]]",6803.0,33784.0,6173.0,89526.0
MLP,12,1,32,120,20,87,2023-03-30 19:53:48.293584,2023-03-30 19:54:58.391619,70.09803485870361,1.1683005809783935,asleep,0.706815080052243,0.5242755856966708,0.1676152462611181,0.25401863226480964,0.12822926541057345,0.5515554574861949,"[[89526 6173]
 [33784 6803]]",89526.0,6173.0,33784.0,6803.0
MLP,12,1,32,120,20,87,2023-03-30 19:53:48.293584,2023-03-30 19:54:58.391619,70.09803485870361,1.1683005809783935,avg,0.706815080052243,0.6251497140226117,0.5515554574861949,0.5357870375959063,0.12822926541057345,0.5515554574861949,,,,,
MLP,12,1,32,120,20,88,2023-03-30 19:54:58.845325,2023-03-30 19:56:27.764932,88.919606924057,1.4819934487342834,awake,0.712252175571959,0.7269614973519887,0.9452345374559817,0.8218523431395709,0.13583407929807145,0.5540719216956899,"[[6612 33975]
 [5241 90458]]",6612.0,33975.0,5241.0,90458.0
MLP,12,1,32,120,20,88,2023-03-30 19:54:58.845325,2023-03-30 19:56:27.764932,88.919606924057,1.4819934487342834,asleep,0.712252175571959,0.5578334598835738,0.16290930593539804,0.2521739130434783,0.13583407929807145,0.55407192169569,"[[90458 5241]
 [33975 6612]]",90458.0,5241.0,33975.0,6612.0
MLP,12,1,32,120,20,88,2023-03-30 19:54:58.845325,2023-03-30 19:56:27.764932,88.919606924057,1.4819934487342834,avg,0.712252175571959,0.6423974786177813,0.5540719216956899,0.5370131280915246,0.13583407929807145,0.55407192169569,,,,,
MLP,12,1,32,120,20,89,2023-03-30 19:56:28.214179,2023-03-30 19:57:38.919398,70.70521903038025,1.178420317173004,awake,0.7098381345112484,0.7211762667002772,0.9566348655680833,0.8223838162439421,0.1086394539389175,0.5422787997241949,"[[5192 35395]
 [4150 91549]]",5192.0,35395.0,4150.0,91549.0
MLP,12,1,32,120,20,89,2023-03-30 19:56:28.214179,2023-03-30 19:57:38.919398,70.70521903038025,1.178420317173004,asleep,0.7098381345112484,0.5557696424748448,0.1279227338803065,0.20797532496144525,0.1086394539389175,0.5422787997241949,"[[91549 4150]
 [35395 5192]]",91549.0,4150.0,35395.0,5192.0
MLP,12,1,32,120,20,89,2023-03-30 19:56:28.214179,2023-03-30 19:57:38.919398,70.70521903038025,1.178420317173004,avg,0.7098381345112484,0.638472954587561,0.5422787997241949,0.5151795706026937,0.1086394539389175,0.5422787997241949,,,,,
MLP,12,1,32,120,20,90,2023-03-30 19:57:39.353239,2023-03-30 19:58:50.209102,70.85586285591125,1.1809310475985209,awake,0.7292898757025666,0.7387903939706492,0.9505637467476149,0.8314033724809213,0.19632617001703956,0.5790589448498958,"[[8424 32163]
 [4731 90968]]",8424.0,32163.0,4731.0,90968.0
MLP,12,1,32,120,20,90,2023-03-30 19:57:39.353239,2023-03-30 19:58:50.209102,70.85586285591125,1.1809310475985209,asleep,0.7292898757025666,0.6403648802736602,0.2075541429521768,0.31349782293178524,0.19632617001703956,0.5790589448498958,"[[90968 4731]
 [32163 8424]]",90968.0,4731.0,32163.0,8424.0
MLP,12,1,32,120,20,90,2023-03-30 19:57:39.353239,2023-03-30 19:58:50.209102,70.85586285591125,1.1809310475985209,avg,0.7292898757025666,0.6895776371221547,0.5790589448498958,0.5724505977063533,0.19632617001703956,0.5790589448498958,,,,,
MLP,12,1,32,120,20,91,2023-03-30 19:58:50.655436,2023-03-30 20:00:00.321619,69.66618299484253,1.1611030499140422,awake,0.7235079171741778,0.7315068274502605,0.9577947522962622,0.8294947557035682,0.16314961124918892,0.5644420086659323,"[[6944 33643]
 [4039 91660]]",6944.0,33643.0,4039.0,91660.0
MLP,12,1,32,120,20,91,2023-03-30 19:58:50.655436,2023-03-30 20:00:00.321619,69.66618299484253,1.1611030499140422,asleep,0.7235079171741778,0.6322498406628426,0.17108926503560254,0.2693038588326547,0.16314961124918892,0.5644420086659324,"[[91660 4039]
 [33643 6944]]",91660.0,4039.0,33643.0,6944.0
MLP,12,1,32,120,20,91,2023-03-30 19:58:50.655436,2023-03-30 20:00:00.321619,69.66618299484253,1.1611030499140422,avg,0.7235079171741778,0.6818783340565515,0.5644420086659324,0.5493993072681115,0.16314961124918892,0.5644420086659323,,,,,
MLP,12,1,32,120,20,92,2023-03-30 20:00:00.758939,2023-03-30 20:01:10.488927,69.72998785972595,1.162166464328766,awake,0.7199125368709919,0.733014152510106,0.9455062226355553,0.8258099844848042,0.166210221354404,0.5667487256770553,"[[7630 32957]
 [5215 90484]]",7630.0,32957.0,5215.0,90484.0
MLP,12,1,32,120,20,92,2023-03-30 20:00:00.758939,2023-03-30 20:01:10.488927,69.72998785972595,1.162166464328766,asleep,0.7199125368709919,0.5940054495912807,0.1879912287185552,0.28559664620452163,0.166210221354404,0.5667487256770553,"[[90484 5215]
 [32957 7630]]",90484.0,5215.0,32957.0,7630.0
MLP,12,1,32,120,20,92,2023-03-30 20:00:00.758939,2023-03-30 20:01:10.488927,69.72998785972595,1.162166464328766,avg,0.7199125368709919,0.6635098010506933,0.5667487256770553,0.5557033153446629,0.166210221354404,0.5667487256770553,,,,,
MLP,12,1,32,120,20,93,2023-03-30 20:01:10.952902,2023-03-30 20:02:22.154264,71.20136189460754,1.1866893649101258,awake,0.7180561466328163,0.7315972503032754,0.9452763351759161,0.8248225430706319,0.15913163175629952,0.5637880431638813,"[[7399 33188]
 [5237 90462]]",7399.0,33188.0,5237.0,90462.0
MLP,12,1,32,120,20,93,2023-03-30 20:01:10.952902,2023-03-30 20:02:22.154264,71.20136189460754,1.1866893649101258,asleep,0.7180561466328163,0.5855492244381133,0.18229975115184666,0.27803769047216426,0.15913163175629952,0.5637880431638814,"[[90462 5237]
 [33188 7399]]",90462.0,5237.0,33188.0,7399.0
MLP,12,1,32,120,20,93,2023-03-30 20:01:10.952902,2023-03-30 20:02:22.154264,71.20136189460754,1.1866893649101258,avg,0.7180561466328163,0.6585732373706943,0.5637880431638814,0.5514301167713981,0.15913163175629952,0.5637880431638813,,,,,
MLP,12,1,32,120,20,94,2023-03-30 20:02:22.600192,2023-03-30 20:03:33.482807,70.88261485099792,1.1813769141832988,awake,0.7169335074769235,0.7293481839571505,0.9490694782599609,0.8248269974753437,0.14916522658235387,0.5593278995015281,"[[6883 33704]
 [4874 90825]]",6883.0,33704.0,4874.0,90825.0
MLP,12,1,32,120,20,94,2023-03-30 20:02:22.600192,2023-03-30 20:03:33.482807,70.88261485099792,1.1813769141832988,asleep,0.7169335074769235,0.5854384621927362,0.16958632074309507,0.26299098272963467,0.14916522658235387,0.559327899501528,"[[90825 4874]
 [33704 6883]]",90825.0,4874.0,33704.0,6883.0
MLP,12,1,32,120,20,94,2023-03-30 20:02:22.600192,2023-03-30 20:03:33.482807,70.88261485099792,1.1813769141832988,avg,0.7169335074769235,0.6573933230749434,0.559327899501528,0.5439089901024892,0.14916522658235387,0.5593278995015281,,,,,
MLP,12,1,32,120,20,95,2023-03-30 20:03:33.931808,2023-03-30 20:04:48.544340,74.61253190040588,1.243542198340098,awake,0.7152312049660273,0.7298081195718037,0.9439179092780489,0.8231681201417936,0.1497660383045717,0.559967430259297,"[[7144 33443]
 [5367 90332]]",7144.0,33443.0,5367.0,90332.0
MLP,12,1,32,120,20,95,2023-03-30 20:03:33.931808,2023-03-30 20:04:48.544340,74.61253190040588,1.243542198340098,asleep,0.7152312049660273,0.5710175045959556,0.176016951240545,0.269087347922709,0.1497660383045717,0.5599674302592969,"[[90332 5367]
 [33443 7144]]",90332.0,5367.0,33443.0,7144.0
MLP,12,1,32,120,20,95,2023-03-30 20:03:33.931808,2023-03-30 20:04:48.544340,74.61253190040588,1.243542198340098,avg,0.7152312049660273,0.6504128120838797,0.559967430259297,0.5461277340322513,0.1497660383045717,0.559967430259297,,,,,
MLP,12,1,32,120,20,96,2023-03-30 20:04:49.107234,2023-03-30 20:06:03.538248,74.43101406097412,1.2405169010162354,awake,0.7158989184509047,0.728530633853657,0.9490485793999938,0.8242960542735915,0.14501080654970222,0.5576050791153269,"[[6744 33843]
 [4876 90823]]",6744.0,33843.0,4876.0,90823.0
MLP,12,1,32,120,20,96,2023-03-30 20:04:49.107234,2023-03-30 20:06:03.538248,74.43101406097412,1.2405169010162354,asleep,0.7158989184509047,0.5803786574870913,0.16616157883066007,0.2583561591357481,0.14501080654970222,0.5576050791153269,"[[90823 4876]
 [33843 6744]]",90823.0,4876.0,33843.0,6744.0
MLP,12,1,32,120,20,96,2023-03-30 20:04:49.107234,2023-03-30 20:06:03.538248,74.43101406097412,1.2405169010162354,avg,0.7158989184509047,0.6544546456703741,0.5576050791153269,0.5413261067046699,0.14501080654970222,0.5576050791153269,,,,,
MLP,12,1,32,120,20,97,2023-03-30 20:06:03.993442,2023-03-30 20:07:14.849524,70.85608196258545,1.1809346993764243,awake,0.7166106570007191,0.7279378289657596,0.9523610487047931,0.8251622891598989,0.14304348287878077,0.5565510863550083,"[[6524 34063]
 [4559 91140]]",6524.0,34063.0,4559.0,91140.0
MLP,12,1,32,120,20,97,2023-03-30 20:06:03.993442,2023-03-30 20:07:14.849524,70.85608196258545,1.1809346993764243,asleep,0.7166106570007191,0.5886492826851936,0.16074112400522333,0.2525256435068705,0.14304348287878077,0.5565510863550082,"[[91140 4559]
 [34063 6524]]",91140.0,4559.0,34063.0,6524.0
MLP,12,1,32,120,20,97,2023-03-30 20:06:03.993442,2023-03-30 20:07:14.849524,70.85608196258545,1.1809346993764243,avg,0.7166106570007191,0.6582935558254766,0.5565510863550083,0.5388439663333847,0.14304348287878077,0.5565510863550083,,,,,
MLP,12,1,32,120,20,98,2023-03-30 20:07:15.305569,2023-03-30 20:08:30.025660,74.72009110450745,1.2453348517417908,awake,0.7183936721306664,0.7300197434950801,0.9504697018777626,0.8257851899935088,0.15303294203808604,0.560828760318732,"[[6948 33639]
 [4740 90959]]",6948.0,33639.0,4740.0,90959.0
MLP,12,1,32,120,20,98,2023-03-30 20:07:15.305569,2023-03-30 20:08:30.025660,74.72009110450745,1.2453348517417908,asleep,0.7183936721306664,0.5944558521560575,0.17118781875970138,0.26582496413199425,0.15303294203808604,0.560828760318732,"[[90959 4740]
 [33639 6948]]",90959.0,4740.0,33639.0,6948.0
MLP,12,1,32,120,20,98,2023-03-30 20:07:15.305569,2023-03-30 20:08:30.025660,74.72009110450745,1.2453348517417908,avg,0.7183936721306664,0.6622377978255688,0.560828760318732,0.5458050770627515,0.15303294203808604,0.560828760318732,,,,,
MLP,12,1,32,120,20,99,2023-03-30 20:08:30.478865,2023-03-30 20:09:42.040082,71.56121706962585,1.192686951160431,awake,0.7094125588835244,0.7258183984670628,0.9420265624510183,0.8199085968941133,0.12906785449359426,0.5514823969522197,"[[6532 34055]
 [5548 90151]]",6532.0,34055.0,5548.0,90151.0
MLP,12,1,32,120,20,99,2023-03-30 20:08:30.478865,2023-03-30 20:09:42.040082,71.56121706962585,1.192686951160431,asleep,0.7094125588835244,0.5407284768211921,0.16093823145342104,0.24804906298061405,0.12906785449359426,0.5514823969522197,"[[90151 5548]
 [34055 6532]]",90151.0,5548.0,34055.0,6532.0
MLP,12,1,32,120,20,99,2023-03-30 20:08:30.478865,2023-03-30 20:09:42.040082,71.56121706962585,1.192686951160431,avg,0.7094125588835244,0.6332734376441274,0.5514823969522197,0.5339788299373637,0.12906785449359426,0.5514823969522197,,,,,
MLP,12,1,32,120,20,100,2023-03-30 20:09:42.495600,2023-03-30 20:10:54.624785,72.12918496131897,1.2021530826886495,awake,0.7105205230177715,0.7281473849873041,0.9379199364674657,0.8198275547111906,0.13955846537513672,0.5561307371991652,"[[7076 33511]
 [5941 89758]]",7076.0,33511.0,5941.0,89758.0
MLP,12,1,32,120,20,100,2023-03-30 20:09:42.495600,2023-03-30 20:10:54.624785,72.12918496131897,1.2021530826886495,asleep,0.7105205230177715,0.543596834908197,0.17434153793086457,0.2640101484963809,0.13955846537513672,0.5561307371991652,"[[89758 5941]
 [33511 7076]]",89758.0,5941.0,33511.0,7076.0
MLP,12,1,32,120,20,100,2023-03-30 20:09:42.495600,2023-03-30 20:10:54.624785,72.12918496131897,1.2021530826886495,avg,0.7105205230177715,0.6358721099477506,0.5561307371991652,0.5419188516037857,0.13955846537513672,0.5561307371991652,,,,,
MLP,12,1,32,120,20,101,2023-03-30 20:10:55.080678,2023-03-30 20:12:05.942602,70.86192393302917,1.1810320655504862,awake,0.7221064526070176,0.7368520217576512,0.9399157775943322,0.8260879547781844,0.1826252350261789,0.5742277288937487,"[[8464 32123]
 [5750 89949]]",8464.0,32123.0,5750.0,89949.0
MLP,12,1,32,120,20,101,2023-03-30 20:10:55.080678,2023-03-30 20:12:05.942602,70.86192393302917,1.1810320655504862,asleep,0.7221064526070176,0.5954692556634305,0.2085396801931653,0.3088994726373606,0.1826252350261789,0.5742277288937488,"[[89949 5750]
 [32123 8464]]",89949.0,5750.0,32123.0,8464.0
MLP,12,1,32,120,20,101,2023-03-30 20:10:55.080678,2023-03-30 20:12:05.942602,70.86192393302917,1.1810320655504862,avg,0.7221064526070176,0.6661606387105408,0.5742277288937487,0.5674937137077725,0.1826252350261789,0.5742277288937487,,,,,
MLP,12,1,32,120,20,102,2023-03-30 20:12:06.404605,2023-03-30 20:13:17.835872,71.43126702308655,1.1905211170514425,awake,0.7059492537751493,0.729988092087854,0.9224338812317788,0.8150045931485919,0.1436516272976529,0.5589699157064357,"[[7935 32652]
 [7423 88276]]",7935.0,32652.0,7423.0,88276.0
MLP,12,1,32,120,20,102,2023-03-30 20:12:06.404605,2023-03-30 20:13:17.835872,71.43126702308655,1.1905211170514425,asleep,0.7059492537751493,0.5166688370881625,0.19550595018109246,0.2836714630440611,0.1436516272976529,0.5589699157064357,"[[88276 7423]
 [32652 7935]]",88276.0,7423.0,32652.0,7935.0
MLP,12,1,32,120,20,102,2023-03-30 20:12:06.404605,2023-03-30 20:13:17.835872,71.43126702308655,1.1905211170514425,avg,0.7059492537751493,0.6233284645880082,0.5589699157064356,0.5493380280963265,0.1436516272976529,0.5589699157064357,,,,,
MLP,12,1,32,120,20,103,2023-03-30 20:13:18.297588,2023-03-30 20:14:32.603981,74.30639290809631,1.2384398818016051,awake,0.7115330995113218,0.7333449209147568,0.9258403954064306,0.8184261816569524,0.16070368620555164,0.5660320315416365,"[[8370 32217]
 [7097 88602]]",8370.0,32217.0,7097.0,88602.0
MLP,12,1,32,120,20,103,2023-03-30 20:13:18.297588,2023-03-30 20:14:32.603981,74.30639290809631,1.2384398818016051,asleep,0.7115330995113218,0.5411521303420185,0.20622366767684233,0.2986405965675955,0.16070368620555164,0.5660320315416365,"[[88602 7097]
 [32217 8370]]",88602.0,7097.0,32217.0,8370.0
MLP,12,1,32,120,20,103,2023-03-30 20:13:18.297588,2023-03-30 20:14:32.603981,74.30639290809631,1.2384398818016051,avg,0.7115330995113218,0.6372485256283876,0.5660320315416365,0.5585333891122739,0.16070368620555164,0.5660320315416365,,,,,
MLP,12,1,32,120,20,104,2023-03-30 20:14:33.087019,2023-03-30 20:15:47.009684,73.92266511917114,1.2320444186528523,awake,0.7091117209397884,0.7280865227333762,0.9348896017722234,0.8186293347973282,0.1383196407470887,0.5558228529717549,"[[7174 33413]
 [6231 89468]]",7174.0,33413.0,6231.0,89468.0
MLP,12,1,32,120,20,104,2023-03-30 20:14:33.087019,2023-03-30 20:15:47.009684,73.92266511917114,1.2320444186528523,asleep,0.7091117209397884,0.5351734427452444,0.17675610417128637,0.26574307304785894,0.1383196407470887,0.5558228529717549,"[[89468 6231]
 [33413 7174]]",89468.0,6231.0,33413.0,7174.0
MLP,12,1,32,120,20,104,2023-03-30 20:14:33.087019,2023-03-30 20:15:47.009684,73.92266511917114,1.2320444186528523,avg,0.7091117209397884,0.6316299827393103,0.5558228529717548,0.5421862039225935,0.1383196407470887,0.5558228529717549,,,,,
MLP,12,1,32,120,20,105,2023-03-30 20:15:47.460240,2023-03-30 20:16:59.024863,71.5646231174469,1.192743718624115,awake,0.716229106437932,0.7346997571716672,0.9326638731857178,0.8219297922498895,0.16959224062417433,0.5692836206296195,"[[8357 32230]
 [6444 89255]]",8357.0,32230.0,6444.0,89255.0
MLP,12,1,32,120,20,105,2023-03-30 20:15:47.460240,2023-03-30 20:16:59.024863,71.5646231174469,1.192743718624115,asleep,0.716229106437932,0.5646240118910885,0.20590336807352108,0.30176211453744495,0.16959224062417433,0.5692836206296195,"[[89255 6444]
 [32230 8357]]",89255.0,6444.0,32230.0,8357.0
MLP,12,1,32,120,20,105,2023-03-30 20:15:47.460240,2023-03-30 20:16:59.024863,71.5646231174469,1.192743718624115,avg,0.716229106437932,0.6496618845313779,0.5692836206296195,0.5618459533936673,0.16959224062417433,0.5692836206296195,,,,,
MLP,12,1,32,120,20,106,2023-03-30 20:16:59.479140,2023-03-30 20:18:11.902998,72.42385792732239,1.2070642987887064,awake,0.7224953406806275,0.7387688423553872,0.9356524101610257,0.8256355404745,0.18991289290283409,0.5777752035282917,"[[8925 31662]
 [6158 89541]]",8925.0,31662.0,6158.0,89541.0
MLP,12,1,32,120,20,106,2023-03-30 20:16:59.479140,2023-03-30 20:18:11.902998,72.42385792732239,1.2070642987887064,asleep,0.7224953406806275,0.5917257839952265,0.2198979968955577,0.32063948266570863,0.18991289290283409,0.5777752035282917,"[[89541 6158]
 [31662 8925]]",89541.0,6158.0,31662.0,8925.0
MLP,12,1,32,120,20,106,2023-03-30 20:16:59.479140,2023-03-30 20:18:11.902998,72.42385792732239,1.2070642987887064,avg,0.7224953406806275,0.6652473131753068,0.5777752035282917,0.5731375115701043,0.18991289290283409,0.5777752035282917,,,,,
MLP,12,1,32,120,20,107,2023-03-30 20:18:12.358545,2023-03-30 20:19:22.955087,70.59654188156128,1.1766090313593547,awake,0.7240875805291813,0.743687186456603,0.9263315186156595,0.8250217542030982,0.20828308284275343,0.5867767677588116,"[[10034 30553]
 [7050 88649]]",10034.0,30553.0,7050.0,88649.0
MLP,12,1,32,120,20,107,2023-03-30 20:18:12.358545,2023-03-30 20:19:22.955087,70.59654188156128,1.1766090313593547,asleep,0.7240875805291813,0.5873331772418637,0.2472220169019637,0.3479738516758857,0.20828308284275343,0.5867767677588116,"[[88649 7050]
 [30553 10034]]",88649.0,7050.0,30553.0,10034.0
MLP,12,1,32,120,20,107,2023-03-30 20:18:12.358545,2023-03-30 20:19:22.955087,70.59654188156128,1.1766090313593547,avg,0.7240875805291813,0.6655101818492334,0.5867767677588116,0.5864978029394919,0.20828308284275343,0.5867767677588116,,,,,
MLP,12,1,32,120,20,108,2023-03-30 20:19:23.409123,2023-03-30 20:20:33.190826,69.7817029953003,1.1630283832550048,awake,0.7249387317846294,0.7463395229954127,0.9214620842433046,0.824706691044783,0.21770571421693963,0.5915118340008254,"[[10616 29971]
 [7516 88183]]",10616.0,29971.0,7516.0,88183.0
MLP,12,1,32,120,20,108,2023-03-30 20:19:23.409123,2023-03-30 20:20:33.190826,69.7817029953003,1.1630283832550048,asleep,0.7249387317846294,0.585484226781381,0.26156158375834626,0.3615865392803011,0.21770571421693963,0.5915118340008254,"[[88183 7516]
 [29971 10616]]",88183.0,7516.0,29971.0,10616.0
MLP,12,1,32,120,20,108,2023-03-30 20:19:23.409123,2023-03-30 20:20:33.190826,69.7817029953003,1.1630283832550048,avg,0.7249387317846294,0.6659118748883969,0.5915118340008254,0.5931466151625421,0.21770571421693963,0.5915118340008254,,,,,
MLP,12,1,32,120,20,109,2023-03-30 20:20:33.647449,2023-03-30 20:21:43.531658,69.8842089176178,1.16473681529363,awake,0.7287835874557915,0.748548553631578,0.9242207337589734,0.8271602051838376,0.22861472536784866,0.5960941547918724,"[[10876 29711]
 [7252 88447]]",10876.0,29711.0,7252.0,88447.0
MLP,12,1,32,120,20,109,2023-03-30 20:20:33.647449,2023-03-30 20:21:43.531658,69.8842089176178,1.16473681529363,asleep,0.7287835874557915,0.5999558693733451,0.2679675758247715,0.37046751256067445,0.22861472536784866,0.5960941547918724,"[[88447 7252]
 [29711 10876]]",88447.0,7252.0,29711.0,10876.0
MLP,12,1,32,120,20,109,2023-03-30 20:20:33.647449,2023-03-30 20:21:43.531658,69.8842089176178,1.16473681529363,avg,0.7287835874557915,0.6742522115024616,0.5960941547918724,0.598813858872256,0.22861472536784866,0.5960941547918724,,,,,
MLP,12,1,32,120,20,110,2023-03-30 20:21:43.984634,2023-03-30 20:22:54.169635,70.18500113487244,1.1697500189145407,awake,0.724315043364689,0.747473199308589,0.9172927616798504,0.8237214976072065,0.22062135453604093,0.5932954063899782,"[[10930 29657]
 [7915 87784]]",10930.0,29657.0,7915.0,87784.0
MLP,12,1,32,120,20,110,2023-03-30 20:21:43.984634,2023-03-30 20:22:54.169635,70.18500113487244,1.1697500189145407,asleep,0.724315043364689,0.5799946935526665,0.26929805110010596,0.36781531834701847,0.22062135453604093,0.5932954063899782,"[[87784 7915]
 [29657 10930]]",87784.0,7915.0,29657.0,10930.0
MLP,12,1,32,120,20,110,2023-03-30 20:21:43.984634,2023-03-30 20:22:54.169635,70.18500113487244,1.1697500189145407,avg,0.724315043364689,0.6637339464306278,0.5932954063899782,0.5957684079771125,0.22062135453604093,0.5932954063899782,,,,,
MLP,12,1,32,120,20,111,2023-03-30 20:22:54.620354,2023-03-30 20:24:05.344189,70.72383499145508,1.178730583190918,awake,0.7307500403563095,0.7564454720884547,0.909340745462335,0.8258763126301955,0.2538292631307022,0.6094982732904599,"[[12568 28019]
 [8676 87023]]",12568.0,28019.0,8676.0,87023.0
MLP,12,1,32,120,20,111,2023-03-30 20:22:54.620354,2023-03-30 20:24:05.344189,70.72383499145508,1.178730583190918,asleep,0.7307500403563095,0.5916023347768782,0.30965580111858476,0.4065274700393006,0.2538292631307022,0.6094982732904599,"[[87023 8676]
 [28019 12568]]",87023.0,8676.0,28019.0,12568.0
MLP,12,1,32,120,20,111,2023-03-30 20:22:54.620354,2023-03-30 20:24:05.344189,70.72383499145508,1.178730583190918,avg,0.7307500403563095,0.6740239034326665,0.6094982732904599,0.616201891334748,0.2538292631307022,0.6094982732904599,,,,,
MLP,12,1,32,120,20,112,2023-03-30 20:24:05.794358,2023-03-30 20:25:20.552524,74.75816607475281,1.2459694345792134,awake,0.7308234154645378,0.7543970065868884,0.9143355729944932,0.8267016869245634,0.24818431894490145,0.6062302941967563,"[[12100 28487]
 [8198 87501]]",12100.0,28487.0,8198.0,87501.0
MLP,12,1,32,120,20,112,2023-03-30 20:24:05.794358,2023-03-30 20:25:20.552524,74.75816607475281,1.2459694345792134,asleep,0.7308234154645378,0.5961178441225736,0.29812501539901937,0.3974706413730804,0.24818431894490145,0.6062302941967562,"[[87501 8198]
 [28487 12100]]",87501.0,8198.0,28487.0,12100.0
MLP,12,1,32,120,20,112,2023-03-30 20:24:05.794358,2023-03-30 20:25:20.552524,74.75816607475281,1.2459694345792134,avg,0.7308234154645378,0.675257425354731,0.6062302941967563,0.6120861641488219,0.24818431894490145,0.6062302941967563,,,,,
MLP,12,1,32,120,20,113,2023-03-30 20:25:21.207549,2023-03-30 20:26:37.922357,76.71480798721313,1.278580133120219,awake,0.7364072612007103,0.7593297989570409,0.9144505167243127,0.8297021066803194,0.2682615589939724,0.6155271776959332,"[[12850 27737]
 [8187 87512]]",12850.0,27737.0,8187.0,87512.0
MLP,12,1,32,120,20,113,2023-03-30 20:25:21.207549,2023-03-30 20:26:37.922357,76.71480798721313,1.278580133120219,asleep,0.7364072612007103,0.6108285401910919,0.31660383866755365,0.41704530702323767,0.2682615589939724,0.6155271776959331,"[[87512 8187]
 [27737 12850]]",87512.0,8187.0,27737.0,12850.0
MLP,12,1,32,120,20,113,2023-03-30 20:25:21.207549,2023-03-30 20:26:37.922357,76.71480798721313,1.278580133120219,avg,0.7364072612007103,0.6850791695740663,0.6155271776959331,0.6233737068517785,0.2682615589939724,0.6155271776959332,,,,,
MLP,12,1,32,120,20,114,2023-03-30 20:26:38.375736,2023-03-30 20:27:49.965827,71.59009099006653,1.1931681831677754,awake,0.7378527508328074,0.7697844315687192,0.8940532293963365,0.8272781331128806,0.29605337634918205,0.6318025281679985,"[[14999 25588]
 [10139 85560]]",14999.0,25588.0,10139.0,85560.0
MLP,12,1,32,120,20,114,2023-03-30 20:26:38.375736,2023-03-30 20:27:49.965827,71.59009099006653,1.1931681831677754,asleep,0.7378527508328074,0.5966664014639191,0.3695518269396605,0.4564168885507798,0.29605337634918205,0.6318025281679984,"[[85560 10139]
 [25588 14999]]",85560.0,10139.0,25588.0,14999.0
MLP,12,1,32,120,20,114,2023-03-30 20:26:38.375736,2023-03-30 20:27:49.965827,71.59009099006653,1.1931681831677754,avg,0.7378527508328074,0.6832254165163192,0.6318025281679984,0.6418475108318302,0.29605337634918205,0.6318025281679984,,,,,
MLP,12,1,32,120,20,115,2023-03-30 20:27:50.432884,2023-03-30 20:29:02.574956,72.14207196235657,1.202367866039276,awake,0.7331347313737288,0.7652002109836666,0.8943980605857951,0.8247701825049625,0.27931274966146624,0.623647154076375,"[[14323 26264]
 [10106 85593]]",14323.0,26264.0,10106.0,85593.0
MLP,12,1,32,120,20,115,2023-03-30 20:27:50.432884,2023-03-30 20:29:02.574956,72.14207196235657,1.202367866039276,asleep,0.7331347313737288,0.5863113512628434,0.3528962475669549,0.440599237110865,0.27931274966146624,0.6236471540763749,"[[85593 10106]
 [26264 14323]]",85593.0,10106.0,26264.0,14323.0
MLP,12,1,32,120,20,115,2023-03-30 20:27:50.432884,2023-03-30 20:29:02.574956,72.14207196235657,1.202367866039276,avg,0.7331347313737288,0.6757557811232551,0.623647154076375,0.6326847098079138,0.27931274966146624,0.623647154076375,,,,,
MLP,12,1,32,120,20,116,2023-03-30 20:29:03.035175,2023-03-30 20:30:15.655912,72.62073683738708,1.2103456139564515,awake,0.7221431401611318,0.7683896897073429,0.8650456117618784,0.8138579209186181,0.273610131916455,0.6251214212011156,"[[15634 24953]
 [12915 82784]]",15634.0,24953.0,12915.0,82784.0
MLP,12,1,32,120,20,116,2023-03-30 20:29:03.035175,2023-03-30 20:30:15.655912,72.62073683738708,1.2103456139564515,asleep,0.7221431401611318,0.5476198816070615,0.38519723064035283,0.4522679935200185,0.273610131916455,0.6251214212011156,"[[82784 12915]
 [24953 15634]]",82784.0,12915.0,24953.0,15634.0
MLP,12,1,32,120,20,116,2023-03-30 20:29:03.035175,2023-03-30 20:30:15.655912,72.62073683738708,1.2103456139564515,avg,0.7221431401611318,0.6580047856572022,0.6251214212011156,0.6330629572193183,0.273610131916455,0.6251214212011156,,,,,
MLP,12,1,32,120,20,117,2023-03-30 20:30:16.123384,2023-03-30 20:31:28.503639,72.38025498390198,1.206337583065033,awake,0.7212773138840379,0.7629749113741787,0.87484717708649,0.8150902983984813,0.25989919784636195,0.6170131122823732,"[[14578 26009]
 [11977 83722]]",14578.0,26009.0,11977.0,83722.0
MLP,12,1,32,120,20,117,2023-03-30 20:30:16.123384,2023-03-30 20:31:28.503639,72.38025498390198,1.206337583065033,asleep,0.7212773138840379,0.5489738279043495,0.3591790474782566,0.4342438414107414,0.25989919784636195,0.6170131122823733,"[[83722 11977]
 [26009 14578]]",83722.0,11977.0,26009.0,14578.0
MLP,12,1,32,120,20,117,2023-03-30 20:30:16.123384,2023-03-30 20:31:28.503639,72.38025498390198,1.206337583065033,avg,0.7212773138840379,0.6559743696392641,0.6170131122823732,0.6246670699046114,0.25989919784636195,0.6170131122823732,,,,,
MLP,12,1,32,120,20,118,2023-03-30 20:31:28.976822,2023-03-30 20:32:42.572585,73.59576320648193,1.2265960534413656,awake,0.7118486124767034,0.7746796993652401,0.8314820426545732,0.8020764559131114,0.27493714632191435,0.6306250975093153,"[[17443 23144]
 [16127 79572]]",17443.0,23144.0,16127.0,79572.0
MLP,12,1,32,120,20,118,2023-03-30 20:31:28.976822,2023-03-30 20:32:42.572585,73.59576320648193,1.2265960534413656,asleep,0.7118486124767034,0.5196008340780459,0.42976815236405747,0.47043434874657825,0.27493714632191435,0.6306250975093154,"[[79572 16127]
 [23144 17443]]",79572.0,16127.0,23144.0,17443.0
MLP,12,1,32,120,20,118,2023-03-30 20:31:28.976822,2023-03-30 20:32:42.572585,73.59576320648193,1.2265960534413656,avg,0.7118486124767034,0.647140266721643,0.6306250975093153,0.6362554023298448,0.27493714632191435,0.6306250975093153,,,,,
MLP,12,1,32,120,20,119,2023-03-30 20:32:43.032854,2023-03-30 20:33:55.560652,72.52779793739319,1.2087966322898864,awake,0.7288422875423741,0.7582880458678486,0.9010647969153283,0.8235339060343717,0.25663544157330553,0.6119141216695301,"[[13100 27487]
 [9468 86231]]",13100.0,27487.0,9468.0,86231.0
MLP,12,1,32,120,20,119,2023-03-30 20:32:43.032854,2023-03-30 20:33:55.560652,72.52779793739319,1.2087966322898864,asleep,0.7288422875423741,0.5804679191775965,0.3227634464237317,0.4148523473992558,0.25663544157330553,0.61191412166953,"[[86231 9468]
 [27487 13100]]",86231.0,9468.0,27487.0,13100.0
MLP,12,1,32,120,20,119,2023-03-30 20:32:43.032854,2023-03-30 20:33:55.560652,72.52779793739319,1.2087966322898864,avg,0.7288422875423741,0.6693779825227226,0.61191412166953,0.6191931267168138,0.25663544157330553,0.6119141216695301,,,,,
